year,scenario,seed,decommissioned,total_treated,annual_treatment_to_inflow_ratio,desired_total_flow,unmet_flow,backlog_considered,opening_untreated_stock,untreated_stock,untreated_stock_share,net_untreated_stock_increase,net_untreated_stock_increase_share,stock_drawdown,direct_reuse_flow,direct_reuse_share,incumbent_open_loop_flow,incumbent_open_loop_treatment_share,solvolysis_treated_flow,solvolysis_treatment_share,closed_loop_material_flow,closed_loop_equivalent_wtb_flow,closed_loop_wtb_flow_share,annual_direct_reuse_to_inflow_ratio,annual_open_loop_to_inflow_ratio,annual_solvolysis_to_inflow_ratio,total_open_loop_utilization,total_closed_loop_utilization,recovered_material_utilization_share,open_loop_utilization_share,closed_loop_utilization_share,total_opening_capacity,total_closing_capacity,opening_capacity_gap,treatment_capacity_utilization,virgin_material_displacement,avoided_ghg_index,average_processing_cost,effective_closed_loop_demand,adoption_activated_closed_loop_demand,mandate_activated_closed_loop_demand,opening_trl_solvolysis,opening_solvolysis_available,trl_solvolysis,solvolysis_available,manufacturer_adoption_probability,manufacturer_realized_adoption_share,perceived_risk,supply_reliability,certification_score,price_advantage,switches_to_solvolysis,recycler_exits,recycler_expansions,recycler_contractions,active_recyclers,solvolysis_recyclers,desired_flow_reuse,flow_reuse,unmet_flow_reuse,desired_share_reuse,opening_capacity_reuse,capacity_reuse,capacity_change_reuse,cost_reuse,desired_flow_repurposing,flow_repurposing,unmet_flow_repurposing,desired_share_repurposing,opening_capacity_repurposing,capacity_repurposing,capacity_change_repurposing,cost_repurposing,desired_flow_mechanical_recycling,flow_mechanical_recycling,unmet_flow_mechanical_recycling,desired_share_mechanical_recycling,opening_capacity_mechanical_recycling,capacity_mechanical_recycling,capacity_change_mechanical_recycling,cost_mechanical_recycling,desired_flow_pyrolysis,flow_pyrolysis,unmet_flow_pyrolysis,desired_share_pyrolysis,opening_capacity_pyrolysis,capacity_pyrolysis,capacity_change_pyrolysis,cost_pyrolysis,desired_flow_recovery,flow_recovery,unmet_flow_recovery,desired_share_recovery,opening_capacity_recovery,capacity_recovery,capacity_change_recovery,cost_recovery,desired_flow_solvolysis,flow_solvolysis,unmet_flow_solvolysis,desired_share_solvolysis,opening_capacity_solvolysis,capacity_solvolysis,capacity_change_solvolysis,cost_solvolysis,recovered_generation_mechanical_recycling,available_recovered_material_mechanical_recycling,open_loop_utilization_mechanical_recycling,closed_loop_utilization_mechanical_recycling,recovered_stock_mechanical_recycling,recovered_generation_pyrolysis,available_recovered_material_pyrolysis,open_loop_utilization_pyrolysis,closed_loop_utilization_pyrolysis,recovered_stock_pyrolysis,recovered_generation_solvolysis,available_recovered_material_solvolysis,open_loop_utilization_solvolysis,closed_loop_utilization_solvolysis,recovered_stock_solvolysis,recovery_resource_credit,mean_recycler_profit_mechanical_recycling,mean_recycler_profit_pyrolysis,mean_recycler_profit_solvolysis,mean_recycler_profit_recovery
2026,post_2025_baseline,42,100.0,100.0,1.0,100.0,0.0,0.0,0.0,0.0,0.0,0.0,0.0,0.0,15.0,0.15,85.0,0.85,0.0,0.0,0.0,0.0,0.0,0.15,0.85,0.0,22.234375,0.0,1.0,1.0,0.0,165.0,168.26824617650846,0.0,0.6060606060606061,9.576785714285714,46.164397321428574,449.55357142857144,0.9921809561176906,0.9921809561176906,0.0,5.0,False,5.181818181818182,False,0.09921809561176906,0.08333333333333333,0.33759884626355213,0.4,0.01798620996209156,-0.05555555555555555,0,0,27,0,40,0,38.0,5.0,0.0,0.3870367787954639,5.0,5.0,0.0,250.0,24.0,10.0,0.0,0.25812244672350465,10.0,10.0,0.0,350.0,13.0,32.723214285714285,0.0,0.1322352905315218,60.0,61.51330927369255,1.5133092736925515,500.0,4.0,6.517857142857142,0.0,0.05799852242652761,10.0,10.0,0.0,850.0,21.0,45.75892857142857,0.0,0.16460696152298224,80.0,81.75493690281591,1.7549369028159123,400.0,0.0,0.0,0.0,0.0,0.0,0.0,0.0,1200.0,17.997767857142858,17.997767857142858,17.997767857142858,0.0,0.0,4.236607142857142,4.236607142857142,4.236607142857142,0.0,0.0,0.0,0.0,0.0,0.0,0.0,13.727678571428571,1674.466484972061,0.0,0.0,1063.9148533042298
2027,post_2025_baseline,42,103.49999999999999,103.49999999999999,1.0,103.49999999999999,0.0,0.0,0.0,0.0,0.0,0.0,0.0,0.0,15.0,0.1449275362318841,88.49999999999999,0.855072463768116,0.0,0.0,0.0,0.0,0.0,0.1449275362318841,0.855072463768116,0.0,23.96385273498563,0.0,1.0,1.0,0.0,168.26824617650846,171.53163761774204,0.0,0.6150893133540568,10.128275345659128,48.46908994738726,445.85961370876225,1.0112233556347185,1.0112233556347185,0.0,5.181818181818182,False,5.363636363636363,False,0.10012112432026916,0.11666666666666667,0.33694727287922793,0.4,0.02567158634982702,-0.05555555555555555,0,0,25,0,40,0,37.259999999999984,5.0,0.0,0.3862960496330977,5.0,5.0,0.0,250.0,25.875,10.0,0.0,0.25666052109297594,10.0,10.0,0.0,350.0,16.56,35.72532619891503,0.0,0.13376655081692124,61.51330927369255,63.395976578894995,1.8826673052024434,491.57885184323777,4.14,6.638343577819022,0.0,0.05789204361118143,10.0,10.0,0.0,841.7084188884847,19.665,46.13633022326594,0.0,0.1653848348458236,81.75493690281591,83.13566103884705,1.3807241360311358,395.50405112504484,0.0,0.0,0.0,0.0,0.0,0.0,0.0,1200.0,19.648929409403266,19.648929409403266,19.648929409403266,0.0,0.0,4.314923325582364,4.314923325582364,4.314923325582364,0.0,0.0,0.0,0.0,0.0,0.0,0.0,13.84089906697978,1900.476597585715,0.0,0.0,1116.8976792173755
2028,post_2025_baseline,42,107.12249999999999,107.12249999999993,0.9999999999999994,107.12249999999993,0.0,0.0,0.0,5.684341886080802e-14,1.8299839471000335e-16,5.684341886080802e-14,5.30639397519737e-16,0.0,15.0,0.14002660505496053,92.12249999999993,0.8599733949450394,0.0,0.0,0.0,0.0,0.0,0.14002660505496045,0.859973394945039,0.0,23.925735503627994,0.0,1.0,1.0,0.0,171.53163761774204,175.05314036117483,0.0,0.6245057849836556,10.266090586312329,49.97855351725315,439.4186964785977,1.0344636825634874,1.0344636825634874,0.0,5.363636363636363,False,5.545454545454545,False,0.10140806612719218,0.1,0.3360276404361358,0.4,0.03651874744261098,-0.05555555555555555,0,0,27,0,40,0,46.062674999999956,5.0,0.0,0.3858271254459082,5.0,5.0,0.0,250.0,29.994299999999978,10.0,0.0,0.2554604524355848,10.0,10.0,0.0,350.0,9.641024999999999,35.800397169905565,0.0,0.13505399190870454,63.395976578894995,65.18082900488258,1.7848524259875926,484.5983925229944,3.2136749999999994,6.516180092584508,0.0,0.05782436987774089,10.0,10.0,0.0,834.2635062338635,18.210824999999996,49.80592273750986,0.0,0.16583406033206166,83.13566103884705,84.87231135629226,1.7366503174452046,392.25461688521807,0.0,0.0,0.0,0.0,0.0,0.0,0.0,1200.0,19.690218443448064,19.690218443448064,19.690218443448064,0.0,0.0,4.235517060179931,4.235517060179931,4.235517060179931,0.0,0.0,0.0,0.0,0.0,0.0,0.0,14.941776821252958,1963.8052484265068,0.0,0.0,1240.2683764880142
2029,post_2025_baseline,42,110.87178749999997,110.87178749999995,0.9999999999999999,110.87178749999995,0.0,5.684341886080802e-15,5.684341886080802e-14,7.105427357601002e-14,1.6857707371896474e-16,1.4210854715202004e-14,1.281737675168447e-16,0.0,15.0,0.13529140585020338,95.87178749999995,0.8647085941497966,0.0,0.0,0.0,0.0,0.0,0.13529140585020336,0.8647085941497965,0.0,25.863815536205212,0.0,1.0,1.0,0.0,175.05314036117483,178.99680075503852,0.0,0.6333607456069968,11.016052076121895,52.43438569647314,440.6149248719217,1.063626420230076,1.063626420230076,0.0,5.545454545454545,False,5.727272727272727,False,0.10323453245508604,0.06666666666666667,0.3347400516410543,0.4,0.05170599228855568,-0.05555555555555555,0,0,29,0,40,0,42.13127924999996,5.0,0.0,0.38550568520068057,5.0,5.0,0.0,250.0,31.044100499999995,10.0,0.0,0.25445295889195846,10.0,10.0,0.0,350.0,13.304614499999998,37.96953006622667,0.0,0.13604862038454663,65.18082900488258,67.3442259391345,2.163396934251928,479.02746675240377,5.543589374999999,7.662421538123911,0.0,0.05777792490786559,10.0,10.0,0.0,827.7356759078459,18.848203874999996,50.23983589564938,0.0,0.16621481061494858,84.87231135629226,86.65257481590402,1.7802634596117664,389.5485822848657,0.0,0.0,0.0,0.0,0.0,0.0,0.0,1200.0,20.88324153642467,20.88324153642467,20.88324153642467,0.0,0.0,4.9805739997805425,4.9805739997805425,4.9805739997805425,0.0,0.0,0.0,0.0,0.0,0.0,0.0,15.071950768694812,2132.7366382570144,0.0,0.0,1280.0591074155204
2030,post_2025_baseline,42,114.75230006249997,114.75230006249998,1.0000000000000002,114.7523000625,1.4210854715202004e-14,7.105427357601002e-15,7.105427357601002e-14,5.684341886080802e-14,1.0600238804164488e-16,0.0,0.0,1.4210854715202004e-14,15.0,0.13071633415478584,99.75230006249998,0.8692836658452141,0.0,0.0,0.0,0.0,0.0,0.13071633415478587,0.8692836658452142,0.0,27.78095659470355,0.0,1.0,1.0,0.0,178.99680075503852,182.72408769792358,0.0,0.6410857600719987,11.931971305293274,54.87124946094672,445.15528758305186,1.1010752857337116,1.1010752857337116,0.0,5.727272727272727,False,5.909090909090908,False,0.10581117073858975,0.1,0.33295740916952116,0.4,0.07273244715626782,-0.05555555555555555,0,0,26,0,40,0,40.163305021875,5.0,0.0,0.3854210402147333,5.0,5.0,0.0,250.0,25.24550601375,10.0,0.0,0.2535421954628767,10.0,10.0,0.0,350.0,16.065322008749998,38.69264835400645,0.0,0.1368397947804794,67.3442259391345,69.58730317450659,2.2430772353720885,474.15198079717817,10.327707005625,10.0,0.0,0.05776524551256394,10.0,10.0,0.0,820.855150750438,22.9504600125,51.05965170849354,0.0,0.16643172402934678,86.65257481590402,88.13678452341699,1.4842097075129714,387.34783937046853,0.0,0.0,0.0,0.0,0.0,0.0,0.0,1200.0,21.28095659470355,21.28095659470355,21.28095659470355,0.0,0.0,6.5,6.5,6.5,0.0,0.0,0.0,0.0,0.0,0.0,0.0,15.317895512548061,2218.647039985242,0.0,0.0,1324.734323364824
2031,post_2025_baseline,42,118.76863056468746,118.76863056468747,1.0000000000000002,118.76863056468748,1.4210854715202004e-14,5.684341886080802e-15,5.684341886080802e-14,4.263256414560601e-14,6.508637198918918e-17,0.0,0.0,1.4210854715202004e-14,15.0,0.1262959750287786,103.76863056468747,0.8737040249712213,0.0,0.0,0.0,0.0,0.0,0.12629597502877862,0.8737040249712215,0.0,27.500066120227658,0.0,1.0,1.0,0.0,182.72408769792358,186.70615048552526,0.0,0.6499889098422196,11.774713041803174,56.528899731370174,434.41080561379664,1.1499588023609322,1.1499588023609322,0.0,5.909090909090908,False,6.09090909090909,False,0.10941463426077774,0.11666666666666667,0.33052735883358475,0.4,0.10139514566748062,-0.05555555555555555,0,0,27,0,40,0,45.132079614581265,5.0,0.0,0.38565875523610194,5.0,5.0,0.0,250.0,35.63058916940624,10.0,0.0,0.2526874507858925,10.0,10.0,0.0,350.0,10.68917675082187,40.54851948037879,0.0,0.13734259562800485,69.58730317450659,71.94145419699208,2.3541510224855,469.9545609486627,5.938431528234372,7.997508316952798,0.0,0.0577985291274623,10.0,10.0,0.0,812.9082642309975,21.37835350164374,55.22260276735588,0.0,0.16651266922253843,88.13678452341699,89.76469628853317,1.6279117651161867,385.4793715773595,0.0,0.0,0.0,0.0,0.0,0.0,0.0,1200.0,22.30168571420834,22.30168571420834,22.30168571420834,0.0,0.0,5.198380406019319,5.198380406019319,5.198380406019319,0.0,0.0,0.0,0.0,0.0,0.0,0.0,16.566780830206763,2365.421429033616,0.0,0.0,1454.8825270575871
2032,post_2025_baseline,42,122.9255326344515,122.92553263445146,0.9999999999999997,122.92553263445146,0.0,4.263256414560602e-15,4.263256414560601e-14,8.526512829121202e-14,1.0960362753555927e-16,4.263256414560601e-14,3.4681618400942093e-16,0.0,15.0,0.12202509664616297,107.92553263445146,0.877974903353837,0.0,0.0,0.0,0.0,0.0,0.12202509664616293,0.8779749033538368,0.0,28.563659922469604,0.0,1.0,1.0,0.0,186.70615048552526,190.5027735370818,0.0,0.6583903760791292,12.220908341501637,58.781581458221154,432.12185101882505,1.2142876706181291,1.2142876706181291,0.0,6.09090909090909,False,6.272727272727272,False,0.1143913914333738,0.13333333333333333,0.32728389146088754,0.4,0.1396521834167599,-0.05555555555555555,0,0,25,0,40,0,54.087234359158636,5.0,0.0,0.38563795341779405,5.0,5.0,0.0,250.0,33.18989381130189,10.0,0.0,0.2519369622401776,10.0,10.0,0.0,350.0,8.604787284411605,42.25073928780436,0.0,0.13795466541919846,71.94145419699208,74.19512990454206,2.2536757075499754,466.167956310239,6.146276631722575,8.193466637195703,0.0,0.05779508774783326,10.0,10.0,0.0,807.2300423572227,20.89734054785675,57.481326709451395,0.0,0.16667533117499647,89.76469628853317,91.30764363253974,1.5429473440065657,383.75689559125396,0.0,0.0,0.0,0.0,0.0,0.0,0.0,1200.0,23.2379066082924,23.2379066082924,23.2379066082924,0.0,0.0,5.3257533141772075,5.3257533141772075,5.3257533141772075,0.0,0.0,0.0,0.0,0.0,0.0,0.0,17.24439801283542,2503.0155171358606,0.0,0.0,1535.3554662177808
2033,post_2025_baseline,42,127.22792627665729,127.22792627665737,1.0000000000000007,127.22792627665737,0.0,8.526512829121203e-15,8.526512829121202e-14,0.0,0.0,0.0,0.0,8.526512829121202e-14,15.0,0.11789864410257282,112.22792627665737,0.8821013558974272,0.0,0.0,0.0,0.0,0.0,0.1178986441025729,0.8821013558974278,0.0,31.521364018864098,0.0,1.0,1.0,0.0,190.5027735370818,195.0403213180123,0.0,0.6678534066166347,12.80687436905527,62.12529451861497,426.9829698501876,1.2988150143835744,1.2988150143835744,0.0,6.272727272727272,False,6.454545454545453,False,0.12114282136402675,0.13333333333333333,0.32307444873981084,0.4,0.18930300168589773,-0.05555555555555555,0,0,29,0,40,0,49.61889124789638,5.0,0.0,0.38564298667909497,5.0,5.0,0.0,250.0,31.806981569164343,10.0,0.0,0.25123985073736366,10.0,10.0,0.0,350.0,24.1733059925649,49.791847749845395,0.0,0.138510258714866,74.19512990454206,76.8953734031273,2.7002434985852375,462.7268100884031,2.544558525533146,6.362842702229425,0.0,0.05779536699166865,10.0,10.0,0.0,801.9229563861016,19.084188941498603,56.073235824582554,0.0,0.16681153687700653,91.30764363253974,93.14494791488501,1.8373042823452728,382.2077500226463,0.0,0.0,0.0,0.0,0.0,0.0,0.0,1200.0,27.38551626241497,27.38551626241497,27.38551626241497,0.0,0.0,4.1358477564491265,4.1358477564491265,4.1358477564491265,0.0,0.0,0.0,0.0,0.0,0.0,0.0,16.821970747374767,2990.4893227430143,0.0,0.0,1516.3841488252979
2034,post_2025_baseline,42,131.6809036963403,131.68090369634032,1.0000000000000002,131.68090369634032,0.0,0.0,0.0,0.0,0.0,0.0,0.0,0.0,15.0,0.11391173343243756,116.68090369634032,0.8860882665675625,0.0,0.0,0.0,0.0,0.0,0.11391173343243757,0.8860882665675627,0.0,33.7325615083929,0.0,1.0,1.0,0.0,195.0403213180123,199.82510296980587,0.0,0.6751470814162331,13.940131328644014,64.89615316991221,433.7601413582793,1.4085136095055055,1.4085136095055055,0.0,6.454545454545453,False,6.636363636363635,False,0.13007386870163373,0.15,0.3178058115897747,0.4,0.2514471293046621,-0.05555555555555555,0,0,30,0,40,0,46.088316293719124,5.0,0.0,0.3854358545038891,5.0,5.0,0.0,250.0,36.870653034975284,10.0,0.0,0.2505949130913785,10.0,10.0,0.0,350.0,21.068944591414443,49.95984594538626,0.0,0.1392789162247728,76.8953734031273,79.6884471385608,2.793073735433513,459.1782763150935,9.217663258743821,9.622532674508381,0.0,0.057765388016209104,10.0,10.0,0.0,798.1055088576577,18.43532651748764,57.098525076445675,0.0,0.16692492816375076,93.14494791488501,95.13665583124505,1.991707916360039,380.87945510914574,0.0,0.0,0.0,0.0,0.0,0.0,0.0,1200.0,27.47791526996245,27.47791526996245,27.47791526996245,0.0,0.0,6.254646238430448,6.254646238430448,6.254646238430448,0.0,0.0,0.0,0.0,0.0,0.0,0.0,17.129557522933702,3042.785209119785,0.0,0.0,1560.2937448817881
2035,post_2025_baseline,42,136.2897353257122,136.28973532571223,1.0000000000000002,136.28973532571223,0.0,0.0,0.0,0.0,0.0,0.0,0.0,0.0,15.0,0.11005964582844209,121.28973532571223,0.8899403541715579,0.0,0.0,0.0,0.0,0.0,0.1100596458284421,0.8899403541715581,0.0,33.267347356023976,0.0,1.0,1.0,0.0,199.82510296980587,204.4791624317989,0.0,0.6820451149538804,14.098186603698645,66.58535323268353,430.3205343168209,1.547426746786902,1.547426746786902,0.0,6.636363636363635,False,6.818181818181817,False,0.14148738996812765,0.18333333333333332,0.31150265741263194,0.4,0.32579349373069333,-0.05555555555555555,0,0,28,0,40,0,39.52402324445655,5.0,0.0,0.3855563397635962,5.0,5.0,0.0,250.0,43.612715304227926,10.0,0.0,0.24994793163023465,10.0,10.0,0.0,350.0,13.628973532571218,48.66790428367996,0.0,0.13977178380881689,79.6884471385608,82.56494018863933,2.8764930500785177,456.0465268629698,13.628973532571218,10.0,0.0,0.05778209161690707,10.0,10.0,0.0,792.7638739662242,25.895049711885314,62.62183104203227,0.0,0.16694185318044522,95.13665583124505,96.91422224315957,1.7775664119145236,379.6727734352919,0.0,0.0,0.0,0.0,0.0,0.0,0.0,1200.0,26.76734735602398,26.76734735602398,26.76734735602398,0.0,0.0,6.5,6.5,6.5,0.0,0.0,0.0,0.0,0.0,0.0,0.0,18.78654931260968,3000.9886031326323,0.0,0.0,1727.2491752063372
2036,post_2025_baseline,42,141.0598760621121,141.05987606211204,0.9999999999999996,141.05987606211204,0.0,0.0,0.0,5.684341886080802e-14,4.3253274847174903e-17,5.684341886080802e-14,4.0297369066011707e-16,0.0,15.0,0.10633782205646587,126.05987606211204,0.8936621779435341,0.0,0.0,0.0,0.0,0.0,0.10633782205646583,0.8936621779435338,0.0,35.7309618972057,0.0,1.0,1.0,0.0,204.4791624317989,209.32494591890293,0.0,0.6898496374131058,14.669669833578615,69.85716073188459,426.1434636896474,1.716869882636126,1.716869882636126,0.0,6.818181818181817,False,6.999999999999998,False,0.1554259907655758,0.11666666666666667,0.3043568034287193,0.4,0.41007959073744527,-0.05555555555555555,0,0,28,0,40,0,59.24514794608705,5.0,0.0,0.38570508570559187,5.0,5.0,0.0,250.0,35.26496901552801,10.0,0.0,0.24934291978705211,10.0,10.0,0.0,350.0,19.74838264869569,54.692569923793066,0.0,0.14015659005785,82.56494018863933,85.58894606114433,3.0240058725050054,453.3224139160307,7.052993803105605,8.692382214030019,0.0,0.05780290615075101,10.0,10.0,0.0,787.6838706897647,19.74838264869569,62.674923924288954,0.0,0.16699249829875487,96.91422224315957,98.73599985775859,1.8217776145990086,378.485135656632,0.0,0.0,0.0,0.0,0.0,0.0,0.0,1200.0,30.08091345808619,30.08091345808619,30.08091345808619,0.0,0.0,5.650048439119512,5.650048439119512,5.650048439119511,0.0,8.881784197001252e-16,0.0,0.0,0.0,0.0,0.0,18.802477177286686,3408.4656376286425,0.0,0.0,1744.712650780027
2037,post_2025_baseline,42,145.99697172428603,145.99697172428608,1.0000000000000004,145.99697172428608,0.0,5.684341886080802e-15,5.684341886080802e-14,0.0,0.0,0.0,0.0,5.684341886080802e-14,15.0,0.10274185705938722,130.99697172428608,0.8972581429406128,0.0,0.0,0.0,0.0,0.0,0.10274185705938726,0.8972581429406131,0.0,36.54279492078652,0.0,1.0,1.0,0.0,209.32494591890293,214.40139443405963,0.0,0.6974657085584464,14.990191993934516,72.35616385716142,422.2523282733027,1.9135142308650188,1.9135142308650188,0.0,6.999999999999998,False,7.18181818181818,True,0.17151281889321576,0.25,0.2967332671922223,0.4,0.4999999999999991,-0.05555555555555555,0,0,29,0,40,0,56.9388189724716,5.0,0.0,0.38571078775167955,5.0,5.0,0.0,250.0,35.03927321382865,10.0,0.0,0.24877504785135637,10.0,10.0,0.0,350.0,21.8995457586429,56.842357956554714,0.0,0.14066737901908621,85.58894606114433,88.64885450950256,3.0599084483582244,450.5709394199982,5.839878868971441,8.122304684125272,0.0,0.05780334078229755,10.0,10.0,0.0,783.6010223777263,26.27945491037148,66.0323090836061,0.0,0.16704344459558018,98.73599985775859,100.75253992455707,2.016540066798478,377.4122198574147,0.0,0.0,0.0,0.0,0.0,0.0,0.0,1200.0,31.263296876105095,31.263296876105095,31.263296876105095,0.0,0.0,5.279498044681427,5.279498044681428,5.279498044681428,0.0,0.0,0.0,0.0,0.0,0.0,0.0,19.809692725081828,3579.7721636674955,0.0,0.0,1853.2458269635802
2038,post_2025_baseline,42,151.10686573463602,151.10686573463596,0.9999999999999997,151.10686573463596,0.0,0.0,0.0,5.684341886080802e-14,3.527791968192101e-17,5.684341886080802e-14,3.7618025219736015e-16,0.0,15.0,0.09926749474336939,136.10686573463596,0.9007325052566306,0.0,0.0,0.0,0.0,0.0,0.09926749474336935,0.9007325052566303,0.0,40.66062657640419,0.0,1.0,1.0,0.0,214.40139443405963,160.3227413371778,0.0,0.7047849018589744,16.320526651799337,76.42669310131804,425.72478713943184,2.128543976434634,2.128543976434634,0.0,7.18181818181818,True,7.3636363636363615,True,0.18889747028297255,0.2,0.28910973095572534,0.4,0.5899204092625531,-0.05555555555555555,22,0,16,0,40,22,55.90954032181527,5.0,0.0,0.31003161619598124,5.0,5.0,0.0,250.0,30.221373146927203,10.0,0.0,0.2283296117017043,10.0,10.0,0.0,350.0,30.221373146927203,62.602091321864535,0.0,0.1480882146396945,88.64885450950256,78.42884587989006,-10.220008629612495,447.99475162356407,9.06641194407816,9.58380976827491,0.0,0.09252290368623559,10.0,10.0,0.0,780.0291703613148,18.13282388815632,63.92096464449651,0.0,0.15952487157423023,100.75253992455707,9.77468054978901,-90.97785937476806,376.38478781864734,7.555343286731801,0.0,0.0,0.0615027822021541,0.0,47.11921490749873,47.11921490749873,1200.0,34.4311502270255,34.4311502270255,34.4311502270255,0.0,0.0,6.229476349378692,6.229476349378692,6.229476349378692,0.0,0.0,0.0,0.0,0.0,0.0,0.0,19.176289393348952,3980.632577171678,0.0,0.0,1808.0955390783213
2039,post_2025_baseline,42,156.39560603534827,156.3956060353483,1.0000000000000002,156.3956060353483,0.0,5.684341886080802e-15,5.684341886080802e-14,2.842170943040401e-14,1.607836814361062e-17,0.0,0.0,2.842170943040401e-14,15.0,0.09591062294045348,95.80867620550416,0.6126046545313404,45.58692982984414,0.2914847225282061,3.065305981402393,3.8316324767529912,0.0244996171816168,0.0959106229404535,0.6126046545313405,0.2914847225282062,81.72293549311624,3.065305981402393,0.9999999999999998,0.9638475108329307,0.03615248916706933,160.3227413371778,168.9755660002058,0.0,0.9755048144194948,45.41110499903375,105.14371328767216,669.7960385043261,3.065305981402393,3.065305981402393,0.0,7.3636363636363615,True,7.545454545454543,True,0.26933697211843516,0.3,0.2819638769718128,0.7,0.6742065062693051,-0.05555555555555555,0,0,27,0,40,22,37.53494544848359,5.0,0.0,0.3095635133668681,5.0,5.0,0.0,250.0,34.407033327776624,10.0,0.0,0.22798503825588795,10.0,10.0,0.0,350.0,21.89538484494876,76.03399565571515,0.0,0.14851158135317952,78.42884587989006,81.32636261601976,2.8975167361296985,445.4309784538321,26.58725302600921,10.0,0.0,0.09299435825937996,10.0,10.0,0.0,776.080348285918,25.023296965655728,9.77468054978901,0.0,0.1595303918168445,9.77468054978901,9.910600520332347,0.13591997054333643,375.47426577403996,10.947692422474379,45.58692982984414,0.0,0.061415116947840055,47.11921490749873,52.738602863853686,5.6193879563549585,1200.0,41.81869761064333,41.81869761064333,41.81869761064333,0.0,0.0,6.5,6.5,6.5,0.0,0.0,36.46954386387531,36.46954386387531,33.40423788247291,3.065305981402393,0.0,2.932404164936703,5798.855441904619,0.0,2453.4484772617507,3043.861468763136
2040,post_2025_baseline,42,161.86945224658544,161.8694522465854,0.9999999999999998,161.8694522465854,0.0,2.842170943040401e-15,2.842170943040401e-14,5.684341886080802e-14,2.9459141254638424e-17,2.842170943040401e-14,1.7558414534638392e-16,0.0,15.0,0.09266726854150098,97.0638764421988,0.5996429535965538,49.80557580438662,0.30768977786194524,3.3208641652798976,4.151080206599872,0.025644617616153314,0.09266726854150097,0.5996429535965537,0.3076897778619452,85.45789823525595,3.3208641652798976,1.0,0.9625939349064427,0.037406065093557254,168.9755660002058,145.71008066156168,0.0,0.9579459094481642,48.30183606533036,109.85145915485847,623.676132281034,3.3208641652798976,3.3208641652798976,0.0,7.545454545454543,True,7.727272727272725,True,0.28890288507876244,0.25,0.27566072279466997,0.7,0.7485528706953366,-0.05555555555555555,12,0,23,0,40,34,50.17953019644146,5.0,0.0,0.3240996478076351,5.0,5.0,0.0,250.0,38.8486685391805,10.0,0.0,0.22911389716350197,10.0,10.0,0.0,350.0,17.805639747124403,77.15327592186645,0.0,0.14440635542472116,81.32636261601976,31.73872280107568,-49.58763981494408,442.6315998846679,14.568250702192692,10.0,0.0,0.07952967564504727,10.0,10.0,0.0,772.230222458086,32.373890449317095,9.910600520332347,0.0,0.15871329935357933,9.910600520332347,1.5987211554602254e-14,-9.91060052033233,375.34147420426024,8.093472612329272,49.80557580438662,0.0,0.06413712460551516,52.738602863853686,88.97135786048597,36.23275499663227,1016.1808894371107,42.43430175702655,42.43430175702655,42.43430175702655,0.0,0.0,6.5,6.5,6.499999999999999,0.0,8.881784197001252e-16,39.8444606435093,39.8444606435093,36.5235964782294,3.3208641652798976,0.0,2.973180156099704,5946.127499209306,0.0,4505.969834542592,3089.412735683868
2041,post_2025_baseline,42,167.53488307521593,145.71008066156168,0.8697298018594978,167.5348830752159,21.824802413654226,5.684341886080802e-15,5.684341886080802e-14,21.82480241365431,0.01040712006806556,21.824802413654254,0.13027019814050222,0.0,15.0,0.10294414725389003,41.738722801075696,0.2864504817482156,88.97135786048597,0.6106053709978942,3.551496819110135,4.439371023887668,0.030467150959849646,0.08953359279372074,0.24913452073343323,0.5310616883323437,91.58188700987027,3.551496819110135,1.0,0.9626682382548842,0.037331761745115655,145.71008066156168,143.53547718751796,21.82480241365431,1.0,65.42855829288851,110.49902115738662,754.5065266252426,3.551496819110135,3.551496819110135,0.0,7.727272727272725,True,7.9090909090909065,True,0.3059079919995173,0.26666666666666666,0.2703920856446338,0.7,0.8106969983141012,-0.05555555555555555,6,0,29,0,40,40,51.935813753316914,5.0,9.257605974834458,0.3321094171470812,5.0,5.0,0.0,250.0,50.26046492256476,10.0,7.94096215260376,0.22926446402133277,10.0,10.0,0.0,350.0,20.104185969025917,31.73872280107568,0.0,0.14222687842575327,31.73872280107568,0.0,-31.738722801075703,440.0785307265419,6.701395323008637,10.0,0.0,0.07284619858016352,10.0,10.0,0.0,768.622959353121,23.454883630530237,1.5987211554602254e-14,4.626234286216007,0.1579158503407292,1.5987211554602254e-14,1.5987211554602254e-14,0.0,375.20846298831117,15.078139476769437,88.97135786048597,0.0,0.06563719148494006,88.97135786048597,118.53547718751793,29.56411932703196,938.9026847748387,17.456297540591628,17.456297540591628,17.456297540591628,0.0,0.0,6.5,6.500000000000001,6.500000000000001,0.0,0.0,71.17708628838878,71.17708628838878,67.62558946927864,3.551496819110135,0.0,4.796163466380676e-15,6579.470810165568,0.0,6128.520624495087,0.0
2042,post_2025_baseline,42,173.39860398284847,143.53547718751796,0.8277775823484461,175.58108422421392,32.04560703669597,2.182480241365431,21.82480241365431,51.687929208984826,0.022764982759712286,29.863126795330516,0.17222241765155383,0.0,15.0,0.10450378048629513,10.000000000000016,0.06966918699086354,118.53547718751793,0.8258270325228413,3.7511083647879095,4.688885455984886,0.032667083761175095,0.08650588675721811,0.05767059117147884,0.6836011044197492,97.57727338522643,3.7511083647879095,1.0,0.9629806743184529,0.037019325681547054,143.53547718751796,163.2401037054637,51.687929208984826,1.0,79.11270540001148,115.8776390125165,802.150274365731,3.7511083647879095,3.7511083647879095,0.0,7.9090909090909065,True,8.090909090909088,True,0.31990249703310936,0.35,0.26618264292355703,0.7,0.8603478165832393,-0.05555555555555555,0,0,34,0,40,40,47.406892740537764,5.0,9.240222932367606,0.3414821970553896,5.0,5.0,0.0,250.0,54.43013610950633,10.0,9.681076259917182,0.22931978919004614,10.0,10.0,0.0,350.0,28.092973475874217,0.0,6.121300594656019,0.13915481308924996,0.0,0.0,0.0,439.0997017408729,12.290675895694974,10.0,0.49912536793314694,0.06579008179728167,10.0,10.0,0.0,765.2306762524832,29.848784318116355,1.5987211554602254e-14,6.503881881822016,0.15686080628501675,1.5987211554602254e-14,1.5987211554602254e-14,0.0,375.20846298831117,3.511621684484278,118.53547718751793,0.0,0.06739231258301617,118.53547718751793,138.24010370546367,19.70462651794573,866.70014819392,0.0,0.0,0.0,0.0,0.0,6.5,6.5,6.5,0.0,0.0,94.82838175001434,94.82838175001434,91.07727338522643,3.7511083647879095,0.0,4.796163466380676e-15,0.0,0.0,7890.395015606194,0.0
2043,post_2025_baseline,42,179.46755512224814,163.2401037054637,0.9095800273997672,184.63634804314663,21.39624433768293,5.168792920898483,51.687929208984826,67.91538062576927,0.027720912803729833,16.227451416784447,0.09041997260023281,0.0,15.0,0.09188918445595147,10.000000000000016,0.061259456303967744,138.24010370546367,0.8468513592400807,3.919128639308333,4.898910799135416,0.030010461203667127,0.0835805669151866,0.05572037794345782,0.7702790825411228,112.01931353539399,3.919128639308333,0.9901475765016524,0.9661964697317326,0.03380353026826752,163.2401037054637,189.32827789613864,67.91538062576927,1.0,90.82063127634531,132.68583434643548,764.2152447071826,3.919128639308333,3.919128639308333,0.0,8.090909090909088,True,8.27272727272727,True,0.33092239929939143,0.4166666666666667,0.26293917555086,0.7,0.8986048543325187,-0.05555555555555555,0,0,38,0,40,40,57.23726789337543,5.0,7.814910940682354,0.3499776005972789,5.0,5.0,0.0,250.0,42.46636004992372,10.0,4.857101502248695,0.2291874465300033,10.0,10.0,0.0,350.0,20.309998284746136,0.0,3.038459594109647,0.13602382283113854,0.0,0.0,0.0,439.0997017408729,11.0781808825888,10.0,0.16130031135197087,0.060048319786984904,10.0,10.0,0.0,762.0299836232672,36.92726960862933,1.5987211554602254e-14,5.524471989290264,0.15577998098902707,1.5987211554602254e-14,1.5987211554602254e-14,0.0,375.20846298831117,16.6172713238832,138.24010370546367,0.0,0.06898282926556709,138.24010370546367,164.32827789613862,26.08817419067496,812.9354141870664,0.0,0.0,0.0,0.0,0.0,6.5,6.5,6.433741544721825,0.0,0.06625845527817464,110.59208296437095,110.59208296437095,105.58557199067216,3.919128639308333,1.0873823343904547,4.796163466380676e-15,0.0,0.0,10024.697991143024,0.0
2044,post_2025_baseline,42,185.74891955152682,189.32827789613864,1.0192698743726416,192.54045761410381,3.2121797179651708,6.791538062576928,67.91538062576927,64.33602228115745,0.024409296089556855,0.0,0.0,3.579358344611819,15.0,0.07922746758531587,10.000000000000016,0.052818311723544,164.32827789613862,0.86795422069114,4.058629805490526,5.073287256863157,0.026796246779608124,0.08075417093254744,0.05383611395503171,0.8846795894850623,114.25969980610186,4.058629805490526,0.8504996250578303,0.9656973706541165,0.0343026293458835,189.32827789613864,216.54512173281205,64.33602228115745,1.0,92.98813355333533,135.51056900801836,736.4300914833088,4.058629805490526,4.058629805490526,0.0,8.27272727272727,True,8.454545454545451,True,0.3393084789282035,0.45,0.2605091252149235,0.7,0.9272675528437316,-0.05555555555555555,0,0,33,0,40,40,73.16537389335947,5.0,1.4036938043708889,0.3572266876971365,5.0,5.0,0.0,250.0,40.433496098961804,10.0,0.6267010283885486,0.2288873744062591,10.0,10.0,0.0,350.0,30.806473218256603,0.0,0.6343815506482117,0.13326174083222397,0.0,0.0,0.0,439.0997017408729,13.477832032987264,10.0,0.07161717157136302,0.05556223102755107,10.0,10.0,0.0,759.0010734911016,23.104854913692453,1.5987211554602254e-14,0.4757861629861584,0.15472216034948189,1.5987211554602254e-14,1.5987211554602254e-14,0.0,375.20846298831117,11.552427456846226,164.32827789613862,0.0,0.07033980568734764,164.32827789613862,191.54512173281202,27.216843836673412,773.3728601284512,0.0,0.0,0.0,0.0,0.0,6.5,6.566258455278175,5.555100453128647,0.0,1.0111580021495277,131.4626223169109,132.55000465130138,108.70459935297322,4.058629805490526,19.78677549283765,4.796163466380676e-15,0.0,0.0,12630.022589353304,0.0
2045,post_2025_baseline,42,192.25013173583025,198.68373396394605,1.033464748086395,198.68373396394603,0.0,6.4336022281157454,64.33602228115745,57.90242005304168,0.02047491921418644,0.0,0.0,6.433602228115774,15.0,0.07549686982791434,9.407527191231901,0.04734925705059997,174.27620677271415,0.8771538731214856,4.174363247030318,5.217954058787897,0.02626261322295648,0.07802335355801686,0.04893378800987626,0.9065076065185018,116.5448938022239,4.174363247030318,0.7257650769403603,0.9654209001192979,0.034579099880702145,216.54512173281205,248.66448967214944,40.041032284175685,0.9175165543978193,95.03894582115716,138.3149923338936,709.7381137428551,4.174363247030318,4.174363247030318,0.0,8.454545454545451,True,8.636363636363633,True,0.3455287079445764,0.26666666666666666,0.2587264827433902,0.7,0.948294007711444,-0.05555555555555555,0,0,34,0,40,40,81.46033092521787,5.0,0.0,0.3594381709106031,5.0,5.0,0.0,250.0,51.65777083062595,10.0,0.0,0.22788067673071577,10.0,10.0,0.0,350.0,17.881536056755145,0.0,0.0,0.1314480180314124,0.0,0.0,0.0,439.0997017408729,3.97367467927892,9.407527191231885,0.0,0.053565292296307944,10.0,10.0,0.0,756.1270272355439,27.81572275495245,1.5987211554602254e-14,0.0,0.15363456304095735,1.5987211554602254e-14,1.5987211554602254e-14,0.0,375.20846298831117,15.894698717115684,174.27620677271415,0.0,0.07403327899000348,191.54512173281202,223.66448967214941,32.1193679393374,741.0657794190366,0.0,0.0,0.0,0.0,0.0,6.114892674300726,7.126050676450253,5.121532727487437,0.0,2.0045179489628167,139.42096541817133,159.20774091100898,111.42336107473646,4.174363247030318,43.61001658924219,4.796163466380676e-15,0.0,0.0,14017.434482496266,0.0
2046,post_2025_baseline,42,198.9788863465843,204.7691283518885,1.0290997809446911,204.7691283518885,0.0,5.790242005304169,57.90242005304168,52.112178047737444,0.017216085013247555,0.0,0.0,5.790242005304236,15.0,0.07325322972622626,10.000000000000016,0.04883548648415092,179.76912835188847,0.8779112837896228,4.271354948915001,5.3391936861437514,0.02607421210959367,0.07538488266475059,0.05025658844316714,0.9034583098367734,118.8757916782684,4.271354948915001,0.6285267643492509,0.9653150311160181,0.03468496888398181,248.66448967214944,286.64282586549865,8.216816727476498,0.8234755538350708,96.93524420890984,141.09172759031526,688.5803651977029,4.271354948915001,4.271354948915001,0.0,8.636363636363633,True,8.818181818181815,True,0.350056532923113,0.36666666666666664,0.25743889394830877,0.7,0.9634812525573887,-0.05555555555555555,0,0,34,0,40,40,75.76457749019877,5.0,0.0,0.357947482658157,5.0,5.0,0.0,250.0,47.09689952093436,10.0,0.0,0.2265626721809994,10.0,10.0,0.0,350.0,34.810751819821036,0.0,0.0,0.1305006438657964,0.0,0.0,0.0,439.0997017408729,12.28614770111331,10.0,0.0,0.053338035796430205,10.0,10.0,0.0,753.551575228794,28.66767796926438,1.5987211554602254e-14,0.0,0.15268801729680792,1.5987211554602254e-14,1.5987211554602254e-14,0.0,375.20846298831117,6.143073850556654,179.76912835188847,0.0,0.07896314820180884,223.66448967214941,261.64282586549865,37.97833619334922,715.9988292178788,0.0,0.0,0.0,0.0,0.0,6.5,8.504517948962818,5.274910309456319,0.0,3.229607639506499,143.8153026815108,187.425319270753,113.60088136881208,4.271354948915001,69.55308295302592,4.796163466380676e-15,0.0,0.0,14959.160128109745,0.0
2047,post_2025_baseline,42,205.94314736871473,211.15436517348846,1.0253041573432093,211.15436517348846,0.0,5.211217804773745,52.112178047737444,46.90096024296375,0.014507439821086618,0.0,0.0,5.211217804773696,15.0,0.07103807675335394,8.895557616356154,0.04212822031430605,187.25880755713231,0.8868337029323401,4.354139642225709,5.442674552782136,0.02577580884160425,0.0728356354248798,0.04319423942972864,0.9092742824886011,121.25330751183375,4.354139642225709,0.550012830632115,0.965335338462175,0.034664661537824985,286.64282586549865,332.7933190583991,0.0,0.7366462584086035,99.02263475204248,143.96078990343335,671.3314893372658,4.354139642225709,4.354139642225709,0.0,8.818181818181815,True,8.999999999999996,True,0.3533080264220287,0.45,0.2565192615052167,0.7,0.9743284136501729,-0.05555555555555555,0,0,35,0,40,40,76.01557146245587,5.0,0.0,0.3567814318946701,5.0,5.0,0.0,250.0,50.67704764163722,10.0,0.0,0.22544480179675605,10.0,10.0,0.0,350.0,31.673154776023264,0.0,0.0,0.1296659778667985,0.0,0.0,0.0,439.0997017408729,6.334630955204655,8.895557616356138,0.0,0.05316025188030251,10.0,10.0,0.0,750.938266455805,31.673154776023264,1.5987211554602254e-14,0.0,0.15187395060665654,1.5987211554602254e-14,1.5987211554602254e-14,0.0,375.20846298831117,14.780805562144192,187.25880755713231,0.0,0.08307358595481644,261.64282586549865,307.7933190583991,46.15049319290046,695.9595734723287,0.0,0.0,0.0,0.0,0.0,5.78211245063149,9.011720090137988,4.8777432373502965,0.0,4.133976852787692,149.80704604570585,219.36012899873177,116.37556427448345,4.354139642225709,98.63042508202261,4.796163466380676e-15,0.0,0.0,15987.892104316265,0.0
2048,post_2025_baseline,42,213.1511575266197,217.84125355091612,1.022003615081052,217.84125355091612,0.0,4.690096024296375,46.90096024296375,42.210864218667325,0.012249088056407053,0.0,0.0,4.690096024296423,15.0,0.06885748110375267,10.000000000000016,0.04590498740250185,192.8412535509161,0.8852375314937454,4.426464636795214,5.533080795994017,0.025399600423712986,0.07037259461341046,0.04691506307560704,0.9047159573920345,123.67837366207044,4.426464636795214,0.4860973659810209,0.9654465460042316,0.03455345399576848,332.7933190583991,379.446640741887,0.0,0.6545842151136724,100.96113335674318,146.81298494957906,657.3582524615304,4.426464636795214,4.426464636795214,0.0,8.999999999999996,True,9.0,True,0.35562048977836513,0.38333333333333336,0.2558676881208925,0.7,0.9820137900379085,-0.05555555555555555,0,0,31,0,40,40,78.42285127832983,5.0,0.0,0.3557331862016334,5.0,5.0,0.0,250.0,30.49777549712825,10.0,0.0,0.22445766458273947,10.0,10.0,0.0,350.0,37.03301310365573,0.0,0.0,0.12893524472350015,0.0,0.0,0.0,439.0997017408729,15.248887748564124,10.0,0.0,0.05300119037564257,10.0,10.0,0.0,748.7124615734501,37.03301310365573,1.5987211554602254e-14,0.0,0.15115674284160485,1.5987211554602254e-14,1.5987211554602254e-14,0.0,375.20846298831117,19.605712819582447,192.8412535509161,0.0,0.08671597127487947,307.7933190583991,354.446640741887,46.6533216834879,679.1213950387781,0.0,0.0,0.0,0.0,0.0,6.5,10.633976852787692,5.075790941164538,0.0,5.558185911623154,154.2730028407329,252.9034279227555,118.6025827209059,4.426464636795214,129.8743805650544,4.796163466380676e-15,0.0,0.0,16818.35171574384,0.0
2049,post_2025_baseline,42,220.61144804005139,224.83253446191807,1.019133578331349,224.83253446191807,0.0,4.221086421866732,42.210864218667325,37.98977779680067,0.010360887614783747,0.0,0.0,4.221086421866659,15.0,0.0667163230441664,7.495267267977568,0.03333711149018386,202.3372671939405,0.8999465654656498,4.470729283163166,5.588411603953958,0.024855884924877353,0.06799284503711155,0.03397496972422222,0.9171657635700154,126.15194113531186,4.470729283163166,0.4322759040341449,0.9657737108815773,0.034226289118422695,379.446640741887,433.2446605372977,0.0,0.5925274078651209,103.1722081074244,149.77409490546108,644.23099970742,4.470729283163166,4.470729283163166,0.0,9.0,True,9.0,True,0.35562048977836513,0.45,0.2558676881208925,0.7,0.9820137900379085,-0.05555555555555555,0,0,30,0,40,40,96.67798981862472,5.0,0.0,0.35489774716900596,5.0,5.0,0.0,250.0,44.966506892383634,10.0,0.0,0.22357862521302305,10.0,10.0,0.0,350.0,26.97990413543018,0.0,0.0,0.12825365485615403,0.0,0.0,0.0,439.0997017408729,4.496650689238362,7.495267267977552,0.0,0.052874054296277846,10.0,10.0,0.0,746.3125450941917,31.476554824668543,1.5987211554602254e-14,0.0,0.1505072009021578,1.5987211554602254e-14,1.5987211554602254e-14,0.0,375.20846298831117,20.23492810157263,202.3372671939405,0.0,0.08988871756338118,354.446640741887,408.2446605372977,53.79801979541074,664.7330880638525,0.0,0.0,0.0,0.0,0.0,4.871923724185409,10.430109635808563,4.419760757852122,0.0,6.010348877956441,161.86981375515242,291.7441943202068,121.73218037745974,4.470729283163166,165.5412846595839,4.796163466380676e-15,0.0,0.0,17964.548308054098,0.0
2050,post_2025_baseline,42,228.3328487214532,232.1318265011333,1.0166378942011736,232.13182650113328,0.0,3.798977779680067,37.98977779680067,34.19080001712055,0.008778158103714722,0.0,0.0,3.798977779680115,15.0,0.06461845506534523,10.000000000000016,0.043078970043563564,207.13182650113328,0.8923025748910911,4.515436575994799,5.644295719993498,0.024315044623861356,0.06569357008416575,0.0437957133894439,0.9071486107275639,128.6749799580181,4.515436575994799,0.3874550331400518,0.9660978868187434,0.03390211318125647,433.2446605372977,487.09234942983267,0.0,0.5357984705760713,105.1287737800672,152.69445919840044,634.2718758269809,4.515436575994799,4.515436575994799,0.0,9.0,True,9.0,True,0.35562048977836513,0.23333333333333334,0.2558676881208925,0.7,0.9820137900379085,-0.05555555555555555,0,0,26,0,40,40,78.92482101038532,5.0,0.0,0.35401389906317854,5.0,5.0,0.0,250.0,27.855819180135985,10.0,0.0,0.22276701582736283,10.0,10.0,0.0,350.0,34.81977397516999,0.0,0.0,0.12766043381357106,0.0,0.0,0.0,439.0997017408729,13.927909590067994,10.0,0.0,0.05274089567109807,10.0,10.0,0.0,744.5796561460396,55.711638360272005,1.5987211554602254e-14,0.0,0.14991945114518987,1.5987211554602254e-14,1.5987211554602254e-14,0.0,375.20846298831117,20.89186438510199,207.13182650113328,0.0,0.09289830447959962,408.2446605372977,462.09234942983267,53.84768889253499,651.9466117478469,0.0,0.0,0.0,0.0,0.0,6.5,12.510348877956442,4.745198157143754,0.0,7.765150720812688,165.70546120090663,331.24674586049053,123.92978180087434,4.515436575994799,202.8015274836214,4.796163466380676e-15,0.0,0.0,18673.346872162452,0.0
2026,demand_pull_circularity,42,100.0,100.0,1.0,100.0,0.0,0.0,0.0,0.0,0.0,0.0,0.0,0.0,15.0,0.15,85.0,0.85,0.0,0.0,0.0,0.0,0.0,0.15,0.85,0.0,22.400900900900904,0.0,1.0,1.0,0.0,165.0,168.2811020699418,0.0,0.6060606060606061,9.608783783783785,46.24707207207207,449.7522522522522,7.4294189076903,3.6794189076903,3.75,5.0,False,5.181818181818182,False,0.36794189076903,0.4166666666666667,0.3224068981816923,0.43000000000000005,0.01798620996209156,-0.05555555555555555,0,0,27,0,40,0,38.0,5.0,0.0,0.3795032767477357,5.0,5.0,0.0,250.0,23.0,10.0,0.0,0.25310588356449054,10.0,10.0,0.0,350.0,14.0,33.06306306306306,0.0,0.143224121669413,60.0,61.519473831992194,1.519473831992195,500.0,4.0,6.486486486486487,0.0,0.06273322459522766,10.0,10.0,0.0,850.0,21.0,45.45045045045045,0.0,0.16143349342313318,80.0,81.7616282379496,1.7616282379495984,400.0,0.0,0.0,0.0,0.0,0.0,0.0,0.0,1200.0,18.184684684684687,18.184684684684687,18.184684684684687,0.0,0.0,4.216216216216217,4.216216216216217,4.216216216216217,0.0,0.0,0.0,0.0,0.0,0.0,0.0,13.635135135135133,1767.2809086429177,0.0,0.0,1089.909256150818
2027,demand_pull_circularity,42,103.49999999999999,103.49999999999999,1.0,103.49999999999999,0.0,0.0,0.0,0.0,0.0,0.0,0.0,0.0,15.0,0.1449275362318841,88.49999999999999,0.855072463768116,0.0,0.0,0.0,0.0,0.0,0.1449275362318841,0.855072463768116,0.0,24.444519515783718,0.0,1.0,1.0,0.0,168.2811020699418,171.55694424858012,0.0,0.6150423233916238,10.391599828452474,48.64136450060086,450.34462925969905,7.731674446298543,3.8504244462985433,3.881249999999999,5.181818181818182,False,5.363636363636363,False,0.3702331198363984,0.4,0.3217846455996627,0.43000000000000005,0.02567158634982702,-0.05555555555555555,0,0,25,0,40,0,36.22499999999999,5.0,0.0,0.3787071304433892,5.0,5.0,0.0,250.0,24.84,10.0,0.0,0.2516307069594878,10.0,10.0,0.0,350.0,16.56,35.24408652533331,0.0,0.14489529550423938,61.519473831992194,63.409421125136305,1.88994729314411,491.5034304566043,6.21,7.785033733615994,0.0,0.06260727699545283,10.0,10.0,0.0,841.7458058162085,19.665,45.47087974105069,0.0,0.16215959009743058,81.7616282379496,83.14752312344383,1.3858948854942452,395.52918938189003,0.0,0.0,0.0,0.0,0.0,0.0,0.0,1200.0,19.38424758893332,19.38424758893332,19.38424758893332,0.0,0.0,5.060271926850397,5.060271926850397,5.060271926850397,0.0,0.0,0.0,0.0,0.0,0.0,0.0,13.641263922315206,1956.480912249715,0.0,0.0,1134.0465273213508
2028,demand_pull_circularity,42,107.12249999999999,107.12249999999995,0.9999999999999996,107.12249999999993,0.0,0.0,0.0,4.263256414560601e-14,1.372487960325025e-16,4.263256414560601e-14,3.979795481398027e-16,0.0,15.0,0.1400266050549605,92.12249999999995,0.8599733949450394,0.0,0.0,0.0,0.0,0.0,0.14002660505496045,0.8599733949450391,0.0,24.080886033498537,0.0,1.0,1.0,0.0,171.55694424858012,175.09122938763514,0.0,0.6244136631670422,10.295704060093687,50.055657931987774,439.5318045273429,8.056629651257497,4.039535901257498,4.017093749999999,5.363636363636363,False,5.545454545454545,False,0.37347780152158816,0.31666666666666665,0.32090639661650966,0.43000000000000005,0.03651874744261098,-0.05555555555555555,0,0,27,0,40,0,41.77777499999996,5.0,0.0,0.37839816334371384,5.0,5.0,0.0,250.0,33.207974999999976,10.0,0.0,0.2504108159093821,10.0,10.0,0.0,350.0,10.71225,36.118731254193314,0.0,0.14611635314353327,63.409421125136305,65.20067489871136,1.7912537735750544,484.6228088698672,3.2136749999999994,6.485513605680325,0.0,0.06255798160041072,10.0,10.0,0.0,833.0959827327159,18.210824999999996,49.5182551401263,0.0,0.1625166860029597,83.14752312344383,84.89055448892378,1.743031365479954,392.31449798529894,0.0,0.0,0.0,0.0,0.0,0.0,0.0,1200.0,19.865302189806325,19.865302189806325,19.865302189806325,0.0,0.0,4.215583843692211,4.215583843692211,4.215583843692211,0.0,0.0,0.0,0.0,0.0,0.0,0.0,14.85547654203789,2064.4719861337676,0.0,0.0,1269.2095236195614
2029,demand_pull_circularity,42,110.87178749999997,110.87178749999995,0.9999999999999999,110.87178749999995,0.0,4.689582056016662e-15,4.263256414560601e-14,5.684341886080802e-14,1.348616589751718e-16,1.4210854715202004e-14,1.281737675168447e-16,0.0,15.0,0.13529140585020338,95.87178749999995,0.8647085941497966,0.0,0.0,0.0,0.0,0.0,0.13529140585020336,0.8647085941497965,0.0,26.211694224021986,0.0,1.0,1.0,0.0,175.09122938763514,179.0486063380667,0.0,0.6332229654664225,11.085900097644835,52.605930675635264,440.9424851495316,8.410146212141331,4.252454180891332,4.157692031249999,5.545454545454545,False,5.727272727272727,False,0.3780416282227302,0.4166666666666667,0.31967674931720685,0.43000000000000005,0.05170599228855568,-0.05555555555555555,0,0,29,0,40,0,42.13127924999996,5.0,0.0,0.37801755130297493,5.0,5.0,0.0,250.0,28.826664749999996,10.0,0.0,0.24939488746528599,10.0,10.0,0.0,350.0,15.522050249999998,38.65380399515804,0.0,0.14721340235897576,65.20067489871136,67.37126934247641,2.170594443765051,479.0025789599454,5.543589374999999,7.6186185025924,0.0,0.06249761659721126,10.0,10.0,0.0,826.713360977807,18.848203874999996,49.59936500224951,0.0,0.1628765422755518,84.89055448892378,86.67733699559028,1.786782506666491,389.60974608778764,0.0,0.0,0.0,0.0,0.0,0.0,0.0,1200.0,21.259592197336925,21.259592197336925,21.259592197336925,0.0,0.0,4.95210202668506,4.95210202668506,4.95210202668506,0.0,0.0,0.0,0.0,0.0,0.0,0.0,14.879809500674853,2261.0358865365197,0.0,0.0,1300.1028999571824
2030,demand_pull_circularity,42,114.75230006249997,114.75230006249998,1.0000000000000002,114.7523000625,1.4210854715202004e-14,6.2527760746888825e-15,5.684341886080802e-14,4.263256414560601e-14,7.950179103123366e-17,0.0,0.0,1.4210854715202004e-14,15.0,0.13071633415478584,99.75230006249998,0.8692836658452141,0.0,0.0,0.0,0.0,0.0,0.13071633415478587,0.8692836658452142,0.0,28.180727208753936,0.0,1.0,1.0,0.0,179.0486063380667,182.7884150203252,0.0,0.6409002695381664,12.019193984722449,55.065683350507584,445.62728752579847,8.800139540650681,4.496928288306933,4.303211252343749,5.727272727272727,False,5.909090909090908,False,0.38439931476048966,0.36666666666666664,0.3179743257568927,0.43000000000000005,0.07273244715626782,-0.05555555555555555,0,0,26,0,40,0,40.163305021875,5.0,0.0,0.37787398265598987,5.0,5.0,0.0,250.0,22.9504600125,10.0,0.0,0.24847757433509432,10.0,10.0,0.0,350.0,18.36036801,39.419504015916246,0.0,0.14810285835887474,67.37126934247641,69.62147955661057,2.250210214134156,474.051019006536,10.327707005625,10.0,0.0,0.06247452381664104,10.0,10.0,0.0,819.9776830962087,22.9504600125,50.33279604658374,0.0,0.16307106083339978,86.67733699559028,88.16693546371465,1.4895984681243721,387.42380450534296,0.0,0.0,0.0,0.0,0.0,0.0,0.0,1200.0,21.680727208753936,21.680727208753936,21.680727208753936,0.0,0.0,6.5,6.5,6.5,0.0,0.0,0.0,0.0,0.0,0.0,0.0,15.09983881397512,2353.048797499499,0.0,0.0,1342.7851890532468
2031,demand_pull_circularity,42,118.76863056468746,118.76863056468748,1.0000000000000002,118.76863056468748,0.0,4.689582056016662e-15,4.263256414560601e-14,1.4210854715202004e-14,2.1695457329729727e-17,0.0,0.0,2.842170943040401e-14,15.0,0.1262959750287786,103.76863056468748,0.8737040249712215,0.0,0.0,0.0,0.0,0.0,0.12629597502877862,0.8737040249712216,0.0,27.725421118486192,0.0,1.0,1.0,0.0,182.7884150203252,186.94433514518897,0.0,0.6497601642395169,11.902887479029017,56.60783737645252,436.2109582688187,9.236926908912121,4.783103262736342,4.453823646175779,5.909090909090908,False,6.09090909090909,False,0.39313622260720965,0.45,0.3156536276860734,0.43000000000000005,0.10139514566748062,-0.05555555555555555,0,0,28,0,40,0,45.132079614581265,5.0,0.0,0.37806429879567227,5.0,5.0,0.0,250.0,34.442902863759365,10.0,0.0,0.2476225770748261,10.0,10.0,0.0,350.0,10.68917675082187,40.28254599768922,0.0,0.14867312954993242,69.62147955661057,72.14361208794988,2.522132531339314,469.79562928328863,7.1261178338812465,8.569262799626337,0.0,0.06250394097000601,10.0,10.0,0.0,812.1381567535566,21.37835350164374,54.91682176737193,0.0,0.1631360536095633,88.16693546371465,89.80072305723908,1.6337875935244373,385.5683582645929,0.0,0.0,0.0,0.0,0.0,0.0,0.0,1200.0,22.155400298729074,22.155400298729074,22.155400298729074,0.0,0.0,5.5700208197571195,5.5700208197571195,5.5700208197571195,0.0,0.0,0.0,0.0,0.0,0.0,0.0,16.47504653021158,2445.512254735488,0.0,0.0,1487.110648372088
2032,demand_pull_circularity,42,122.9255326344515,122.92553263445147,0.9999999999999998,122.92553263445146,0.0,1.5631940186722206e-15,1.4210854715202004e-14,4.263256414560601e-14,5.4801813767779635e-17,2.842170943040401e-14,2.31210789339614e-16,0.0,15.0,0.12202509664616296,107.92553263445147,0.877974903353837,0.0,0.0,0.0,0.0,0.0,0.12202509664616293,0.8779749033538369,0.0,28.74831252159015,0.0,1.0,1.0,0.0,186.94433514518897,190.76117576897968,0.0,0.657551524837499,12.258425417766356,58.87246526153724,432.22156433327405,9.733192830382777,5.123485356590846,4.609707473791931,6.09090909090909,False,6.272727272727272,False,0.40491648996794416,0.38333333333333336,0.3125561163451476,0.43000000000000005,0.1396521834167599,-0.05555555555555555,0,0,25,0,40,0,54.087234359158636,5.0,0.0,0.3780758885556934,5.0,5.0,0.0,250.0,31.96063848495738,10.0,0.0,0.24686578986971866,10.0,10.0,0.0,350.0,9.83404261075612,42.61016860598441,0.0,0.1492786229319939,72.14361208794988,74.41197148048249,2.268359392532611,466.0531710129651,6.146276631722575,8.17341505892111,0.0,0.06250537748537291,10.0,10.0,0.0,806.1475218628309,20.89734054785675,57.14194896954594,0.0,0.1632743211572211,89.80072305723908,91.3492042884972,1.5484812312581293,383.8420620257696,0.0,0.0,0.0,0.0,0.0,0.0,0.0,1200.0,23.43559273329143,23.43559273329143,23.43559273329143,0.0,0.0,5.312719788298722,5.312719788298722,5.312719788298722,0.0,0.0,0.0,0.0,0.0,0.0,0.0,17.14258469086378,2625.114331399169,0.0,0.0,1568.4044118456115
2033,demand_pull_circularity,42,127.22792627665729,127.22792627665731,1.0000000000000002,127.22792627665731,0.0,4.689582056016662e-15,4.263256414560601e-14,1.4210854715202004e-14,1.569967573524505e-17,0.0,0.0,2.842170943040401e-14,15.0,0.11789864410257288,112.22792627665731,0.8821013558974271,0.0,0.0,0.0,0.0,0.0,0.1178986441025729,0.8821013558974273,0.0,32.20896843431179,0.0,1.0,1.0,0.0,190.76117576897968,195.3212746624563,0.0,0.666948742393662,13.124461011411746,62.39467906704802,430.79515495373437,10.303092072162656,5.532044836788008,4.771047235374648,6.272727272727272,False,6.454545454545453,False,0.4203899414907708,0.4,0.30853609854651937,0.43000000000000005,0.18930300168589773,-0.05555555555555555,0,0,29,0,40,0,48.34661198512979,5.0,0.0,0.37804122978683374,5.0,5.0,0.0,250.0,31.806981569164332,10.0,0.0,0.24616801847433792,10.0,10.0,0.0,350.0,24.173305992564888,49.6089256287091,0.0,0.14988863953533735,74.41197148048249,77.12815230648167,2.716180825999176,462.5987651574642,5.0891170510662915,7.575475905418129,0.0,0.062499579433674485,10.0,10.0,0.0,800.9441796684916,17.811909678732018,55.04352474253008,0.0,0.1634025327698166,91.3492042884972,93.19312235597462,1.8439180674774165,382.2904372845001,0.0,0.0,0.0,0.0,0.0,0.0,0.0,1200.0,27.28490909579001,27.28490909579001,27.28490909579001,0.0,0.0,4.924059338521784,4.924059338521784,4.924059338521784,0.0,0.0,0.0,0.0,0.0,0.0,0.0,16.513057422759022,3097.317223294523,0.0,0.0,1529.2733643742727
2034,demand_pull_circularity,42,131.6809036963403,131.68090369634032,1.0000000000000002,131.68090369634032,0.0,1.5631940186722206e-15,1.4210854715202004e-14,0.0,0.0,0.0,0.0,1.4210854715202004e-14,15.0,0.11391173343243756,116.68090369634032,0.8860882665675625,0.0,0.0,0.0,0.0,0.0,0.11391173343243757,0.8860882665675627,0.0,34.0704178557601,0.0,1.0,1.0,0.0,195.3212746624563,200.11997053025738,0.0,0.6741759387138149,14.066004562137518,65.04022823685536,434.9375487142625,10.959905560363389,6.0218716717506275,4.938033888612761,6.454545454545453,False,6.636363636363635,False,0.4400122646327106,0.4166666666666667,0.30350455006823485,0.43000000000000005,0.2514471293046621,-0.05555555555555555,0,0,30,0,40,0,44.77150725675572,5.0,0.0,0.377916479592274,5.0,5.0,0.0,250.0,38.18746207193869,10.0,0.0,0.2455017335867207,10.0,10.0,0.0,350.0,21.068944591414443,50.128032465018364,0.0,0.1506350393312012,77.12815230648167,79.92802857345991,2.7998762669782424,459.07861894594055,10.534472295707223,10.0,0.0,0.062479577033460645,10.0,10.0,0.0,796.4976931368768,17.118517480524236,56.55287123132196,0.0,0.16346717045634357,93.19312235597462,95.19194195679745,1.9988196008228258,380.97596375169627,0.0,0.0,0.0,0.0,0.0,0.0,0.0,1200.0,27.570417855760102,27.570417855760102,27.570417855760102,0.0,0.0,6.5,6.5,6.5,0.0,0.0,0.0,0.0,0.0,0.0,0.0,16.96586136939659,3172.044157396847,0.0,0.0,1587.1869073160963
2035,demand_pull_circularity,42,136.2897353257122,136.28973532571223,1.0000000000000002,136.28973532571223,0.0,0.0,0.0,0.0,0.0,0.0,0.0,0.0,15.0,0.11005964582844209,121.28973532571223,0.8899403541715579,0.0,0.0,0.0,0.0,0.0,0.1100596458284421,0.8899403541715581,0.0,33.29518033046467,0.0,1.0,1.0,0.0,200.11997053025738,204.9310520111212,0.0,0.681040152887219,14.104259252667523,66.59889017934331,430.2363837035489,11.711985478659729,6.601120403945521,5.110865074714208,6.636363636363635,False,6.818181818181817,False,0.46378596357708957,0.4666666666666667,0.2974850378290635,0.43000000000000005,0.32579349373069333,-0.05555555555555555,0,0,29,0,40,0,38.161125891199426,5.0,0.0,0.3780268303871503,5.0,5.0,0.0,250.0,43.612715304227926,10.0,0.0,0.2448510172144651,10.0,10.0,0.0,350.0,13.628973532571218,48.71850969175394,0.0,0.15115481246307863,79.92802857345991,82.82040198561872,2.8923734121588027,455.94830654699206,14.99187088582834,10.0,0.0,0.062496542214224265,10.0,10.0,0.0,791.0987803331544,25.895049711885314,62.57122563395829,0.0,0.1634707977210817,95.19194195679745,97.11065002550248,1.9187080687050297,379.77029899781803,0.0,0.0,0.0,0.0,0.0,0.0,0.0,1200.0,26.795180330464667,26.795180330464667,26.795180330464667,0.0,0.0,6.5,6.5,6.5,0.0,0.0,0.0,0.0,0.0,0.0,0.0,18.771367690187486,3120.0626086725833,0.0,0.0,1772.2087635438247
2036,demand_pull_circularity,42,141.0598760621121,141.05987606211204,0.9999999999999996,141.05987606211204,0.0,0.0,0.0,5.684341886080802e-14,4.3253274847174903e-17,5.684341886080802e-14,4.0297369066011707e-16,0.0,15.0,0.10633782205646587,126.05987606211205,0.8936621779435342,0.0,0.0,0.0,0.0,0.0,0.10633782205646583,0.8936621779435339,0.0,35.931966370864174,0.0,1.0,1.0,0.0,204.9310520111212,209.93477307673862,0.0,0.6883284630503775,14.711009005575193,69.95589873955404,426.20548417920924,12.55786041978105,7.268115067451848,5.289745352329203,6.818181818181817,False,6.999999999999998,False,0.4910078114473372,0.45,0.290660747274427,0.43000000000000005,0.41007959073744527,-0.05555555555555555,0,0,29,0,40,0,57.83454918546593,5.0,0.0,0.37813677528705397,5.0,5.0,0.0,250.0,35.26496901552801,10.0,0.0,0.2442498189698078,10.0,10.0,0.0,350.0,21.15898140931681,55.0795540136167,0.0,0.15157660189507072,82.82040198561872,85.86062034523664,3.040218359617923,453.2313642168339,7.052993803105605,8.674171789807664,0.0,0.06251352925788362,10.0,10.0,0.0,786.1555304777137,19.74838264869569,62.30615025868769,0.0,0.16352327459018412,97.11065002550248,99.07415273150198,1.963502705999502,378.573594203173,0.0,0.0,0.0,0.0,0.0,0.0,0.0,1200.0,30.29375470748919,30.29375470748919,30.29375470748919,0.0,0.0,5.638211663374982,5.638211663374982,5.638211663374982,0.0,0.0,0.0,0.0,0.0,0.0,0.0,18.691845077606306,3563.862728571867,0.0,0.0,1780.8173734891836
2037,demand_pull_circularity,42,145.99697172428603,145.99697172428606,1.0000000000000002,145.99697172428606,0.0,6.2527760746888825e-15,5.684341886080802e-14,2.842170943040401e-14,1.9464309066207745e-17,0.0,0.0,2.842170943040401e-14,15.0,0.10274185705938725,130.99697172428606,0.8972581429406128,0.0,0.0,0.0,0.0,0.0,0.10274185705938726,0.8972581429406129,0.0,37.111517902778544,0.0,1.0,1.0,0.0,209.93477307673862,215.03925245601016,0.0,0.6954396815001151,15.104545074489327,72.63654756166255,422.5366852704946,13.48304422117501,8.008157781514283,5.474886439660726,6.999999999999998,False,7.18181818181818,True,0.5201946591821681,0.5166666666666667,0.28338027016857237,0.43000000000000005,0.4999999999999991,-0.05555555555555555,0,0,29,0,40,0,56.9388189724716,5.0,0.0,0.3781038179513045,5.0,5.0,0.0,250.0,30.65936406210006,10.0,0.0,0.24368103646495695,10.0,10.0,0.0,350.0,26.27945491037148,57.95963338546446,0.0,0.15213787377866794,85.86062034523664,88.9370463366614,3.0764259914247516,450.4707691644001,5.839878868971441,8.05187621657399,0.0,0.06250805289266129,10.0,10.0,0.0,782.1831254319422,26.27945491037148,64.98546212224761,0.0,0.16356921891240928,99.07415273150198,101.10220611934875,2.0280533878467684,377.49849511655214,0.0,0.0,0.0,0.0,0.0,0.0,0.0,1200.0,31.877798362005453,31.877798362005453,31.877798362005453,0.0,0.0,5.2337195407730945,5.2337195407730945,5.2337195407730945,0.0,0.0,0.0,0.0,0.0,0.0,0.0,19.495638636674283,3788.686781042908,0.0,0.0,1872.342894016271
2038,demand_pull_circularity,42,151.10686573463602,151.10686573463596,0.9999999999999997,151.10686573463596,0.0,3.1263880373444412e-15,2.842170943040401e-14,8.526512829121202e-14,5.291687952288151e-17,5.684341886080802e-14,3.7618025219736015e-16,0.0,15.0,0.09926749474336939,136.10686573463596,0.9007325052566306,0.0,0.0,0.0,0.0,0.0,0.09926749474336935,0.9007325052566303,0.0,41.01501769747627,0.0,1.0,1.0,0.0,215.03925245601016,130.97825343320903,0.0,0.7026943407252932,16.455358273871624,76.57673312504693,426.80445228167093,14.461602213890972,8.795094748842121,5.66650746504885,7.18181818181818,True,7.3636363636363615,True,0.5493390230903913,0.5333333333333333,0.27609979306271776,0.43000000000000005,0.5899204092625531,-0.05555555555555555,33,0,7,0,40,33,54.398471664468914,5.0,0.0,0.2974200491767747,5.0,5.0,0.0,250.0,28.710304489580842,10.0,0.0,0.21907391332369056,10.0,10.0,0.0,350.0,27.199235832234482,62.75457763177502,0.0,0.157105033188202,88.9370463366614,35.812135321132885,-53.12491101552851,447.856278380073,15.110686573463601,10.0,0.0,0.09824151426205921,10.0,10.0,0.0,778.7245409988094,12.08854925877088,63.35228810286095,0.0,0.15313141296014052,101.10220611934875,0.0,-101.10220611934876,376.47899990096755,13.599617916117241,0.0,0.0,0.07502807708913316,0.0,70.16611811207613,70.16611811207613,1200.0,34.51501769747627,34.51501769747627,34.51501769747627,0.0,0.0,6.5,6.5,6.499999999999999,0.0,8.881784197001252e-16,0.0,0.0,0.0,0.0,0.0,19.005686430858287,4141.187858975147,0.0,0.0,1839.2667744324408
2039,demand_pull_circularity,42,156.39560603534827,130.97825343320903,0.8374803918954447,156.3956060353483,25.41735260213926,9.379164112033324e-15,8.526512829121202e-14,25.417352602139317,0.014378781592073514,25.417352602139232,0.16251960810455535,0.0,15.0,0.11452282807885425,45.812135321132885,0.3497690198204872,70.16611811207613,0.5357081521006585,16.65073507310389,20.81341884137986,0.15890743918030212,0.0959106229404535,0.29292469579214714,0.4486450731628439,65.67883384318012,16.65073507310389,1.0,0.7977551043655406,0.20224489563445938,130.97825343320903,136.03728693687384,25.417352602139317,1.0,54.06531791971566,95.99867169638891,860.0166222606632,16.65073507310389,10.964672583889637,5.864835226325559,7.3636363636363615,True,7.545454545454543,True,0.6585098216835479,0.5833333333333334,0.2692755025080812,0.73,0.6742065062693051,-0.05555555555555555,2,0,29,0,40,35,31.27912120706966,5.0,7.624529850846878,0.29694657159204635,5.0,5.0,0.0,250.0,32.84307726742314,10.0,6.627608402057773,0.218725446589405,10.0,10.0,0.0,350.0,31.27912120706966,35.812135321132885,0.0,0.157540484514563,35.812135321132885,26.072309058004276,-9.73982626312861,445.2999176450938,20.33142878459528,10.0,2.9975236443163067,0.09874812060480863,10.0,10.0,0.0,774.6992463542764,28.151209086362694,0.0,8.1676907049183,0.1531240681337231,0.0,0.0,0.0,375.56876873698235,12.511648482827862,70.16611811207613,0.0,0.07491530856545403,70.16611811207613,84.96497787886958,14.79885976679344,1200.0,19.696674426623087,19.696674426623087,19.696674426623087,0.0,0.0,6.5,6.500000000000001,6.500000000000001,0.0,0.0,56.13289448966091,56.13289448966091,39.482159416557025,16.65073507310389,0.0,0.0,6441.485551818655,0.0,3482.2971669569147,0.0
2040,demand_pull_circularity,42,161.86945224658544,136.03728693687384,0.8404135866824339,164.66536103282078,28.628074095946943,2.795908786235325,25.417352602139317,51.249517911850916,0.026560098207574233,25.8321653097116,0.159586413317566,0.0,15.0,0.11026388674570183,36.07230905800428,0.26516486670851586,84.96497787886958,0.6245712465457824,17.316764476028045,21.645955595035055,0.15911781308222908,0.09266726854150097,0.22284815669267335,0.5248981614482597,71.49498780896997,17.316764476028045,1.0,0.8050171961424842,0.19498280385751576,136.03728693687384,135.73973620727293,51.249517911850916,1.0,61.92951683704723,102.91749212593794,783.6910611825361,17.316764476028045,11.779740549034159,6.070104459246954,7.545454545454543,True,7.727272727272725,True,0.6802506649172886,0.7333333333333333,0.26325599026890983,0.73,0.7485528706953366,-0.05555555555555555,5,0,29,0,40,40,52.69291553050265,5.0,11.876220641535992,0.3160029009129558,5.0,5.0,0.0,250.0,41.166340258205196,10.0,7.760866144970813,0.22053012680324482,10.0,10.0,0.0,350.0,16.466536103282078,26.072309058004276,0.0,0.15136202562737824,26.072309058004276,3.552713678800501e-15,-26.072309058004272,443.9493635543246,14.81988249295387,10.0,1.2002199344677684,0.0803573418750096,10.0,10.0,0.0,770.9378738810115,31.28641859623595,0.0,7.790767374972366,0.15229105358150957,0.0,0.0,0.0,375.56876873698235,8.233268051641037,84.96497787886958,0.0,0.07945655119990201,84.96497787886958,110.73973620727291,25.77475832840334,971.8950568806727,14.339769981902354,14.339769981902354,14.339769981902354,0.0,0.0,6.5,6.5,6.5,0.0,0.0,67.97198230309566,67.97198230309566,50.65521782706762,17.316764476028045,0.0,0.0,6588.160811290002,0.0,6625.980511072533,0.0
2041,demand_pull_circularity,42,167.53488307521593,135.73973620727293,0.8102177511672697,173.1723300455195,37.43259383824656,5.637446970303602,51.249517911850916,83.04466477979392,0.039599707754277944,31.795146867943004,0.1897822488327303,0.0,15.0,0.11050559268138832,10.000000000000004,0.07367039512092557,110.73973620727291,0.8158240121976861,18.009435055069165,22.511793818836455,0.1658452745514491,0.08953359279372074,0.05968906186248051,0.6609950965110684,77.08235391074918,18.009435055069165,1.0,0.8106099879817927,0.18939001201820727,135.73973620727293,154.07022552311807,83.04466477979392,1.0,74.12343117265468,108.70555731069108,814.0507560550328,18.009435055069165,12.568660813787526,6.282558115320597,7.727272727272725,True,7.9090909090909065,True,0.6978931196539555,0.7666666666666667,0.2582244417906253,0.73,0.8106969983141012,-0.05555555555555555,0,0,33,0,40,40,45.02480581183506,5.0,11.154322097205888,0.32635188287409117,5.0,5.0,0.0,250.0,50.21997571320064,10.0,11.208713065490556,0.2209017324403832,10.0,10.0,0.0,350.0,31.17101940819351,3.552713678800501e-15,8.686902622633998,0.14770738456990912,3.552713678800501e-15,3.552713678800501e-15,0.0,443.00984563025656,10.390339802731173,10.0,0.10878193656934296,0.07175025506593433,10.0,10.0,0.0,767.4089963365965,22.51240290591754,0.0,6.273874116346778,0.15136613545700286,0.0,0.0,0.0,375.56876873698235,13.853786403641564,110.73973620727291,0.0,0.08192260959267961,110.73973620727291,129.07022552311807,18.330489315845163,885.634626574396,1.9539925233402757e-15,1.9539925233402757e-15,1.9539925233402757e-15,0.0,0.0,6.5,6.5,6.5,0.0,0.0,88.59178896581834,88.59178896581834,70.58235391074918,18.009435055069165,0.0,0.0,0.0,0.0,8699.145589136382,0.0
2042,demand_pull_circularity,42,173.39860398284847,154.07022552311807,0.8885320987841272,182.53351710862586,28.46329158550779,9.134913125777333,83.04466477979392,102.37304323952432,0.04508829430918546,19.328378459730402,0.1114679012158728,0.0,15.0,0.09735820109998648,10.000000000000004,0.06490546739999102,129.07022552311807,0.8377363315000225,18.729812457271933,23.412265571589916,0.1519584039816761,0.08650588675721811,0.05767059117147876,0.7443556208554304,91.02636796122253,18.729812457271933,1.0,0.829350726438765,0.17064927356123505,154.07022552311807,177.26378212957118,102.37304323952432,1.0,85.85494433479558,125.56960748126863,773.161493721532,18.729812457271933,13.32839281593792,6.502447649356817,7.9090909090909065,True,8.090909090909088,True,0.7116137893181687,0.65,0.254204423991997,0.73,0.8603478165832393,-0.05555555555555555,0,0,36,0,40,40,51.10938479041524,5.0,9.422912877579362,0.3350746877260319,5.0,5.0,0.0,250.0,43.808044106070206,10.0,6.909011161629752,0.22097918082072884,10.0,10.0,0.0,350.0,25.55469239520762,3.552713678800501e-15,5.222356384668926,0.14425296701801993,3.552713678800501e-15,3.552713678800501e-15,0.0,443.00984563025656,18.253351710862585,10.0,1.686654776960826,0.06527488001078614,10.0,10.0,0.0,764.0864290485371,25.55469239520762,0.0,5.222356384668926,0.15041767481313958,0.0,0.0,0.0,375.56876873698235,18.253351710862585,129.07022552311807,0.0,0.08400060961129348,129.07022552311807,152.26378212957118,23.193556606453104,826.9165175810837,1.9539925233402757e-15,1.9539925233402757e-15,1.9539925233402757e-15,0.0,0.0,6.5,6.5,6.5,0.0,0.0,103.25618041849447,103.25618041849447,84.52636796122253,18.729812457271933,0.0,0.0,0.0,0.0,11040.744795657683,0.0
2043,demand_pull_circularity,42,179.46755512224814,177.26378212957118,0.9877204935946455,190.72858987859578,13.464807749024601,11.261034756347676,102.37304323952432,104.57681623220125,0.04268495261829644,2.2037729926769316,0.012279506405354353,0.0,15.0,0.0846196545046959,10.000000000000004,0.05641310300313062,152.26378212957118,0.8589672424921735,19.47900495556281,24.34875619445351,0.137358889119582,0.0835805669151866,0.05572037794345775,0.8484195487360011,108.83202074809414,19.47900495556281,1.0,0.8481891571769452,0.15181084282305482,177.26378212957118,204.28360639901075,104.57681623220125,1.0,100.69882056292556,146.90767955920546,743.9162205518734,19.47900495556281,14.0628016903592,6.730033317084305,8.090909090909088,True,8.27272727272727,True,0.7219466149549465,0.8,0.25110691265107127,0.73,0.8986048543325187,-0.05555555555555555,0,0,35,0,40,40,55.311291064792776,5.0,4.5457114336851605,0.342364338136162,5.0,5.0,0.0,250.0,41.96028977329107,10.0,2.887666994258608,0.2208417788043538,10.0,10.0,0.0,350.0,22.887430785431494,3.552713678800501e-15,2.0679186243705705,0.1412520571844736,3.552713678800501e-15,3.552713678800501e-15,0.0,443.00984563025656,9.536429493929791,10.0,0.0,0.06032860742697279,10.0,10.0,0.0,760.9481307255951,43.86757567207703,0.0,3.963510696710261,0.14947636750122287,0.0,0.0,0.0,375.56876873698235,17.16557308907362,152.26378212957118,0.0,0.08573685094681499,152.26378212957118,179.28360639901075,27.01982426943956,784.8873833542802,1.9539925233402757e-15,1.9539925233402757e-15,1.9539925233402757e-15,0.0,0.0,6.5,6.5,6.5,0.0,0.0,121.81102570365695,121.81102570365695,102.33202074809414,19.47900495556281,0.0,0.0,0.0,0.0,13786.174622638995,0.0
2044,demand_pull_circularity,42,185.74891955152682,197.25236933706896,1.061930103353043,197.25236933706896,0.0,11.50344978554214,104.57681623220125,93.07336644665912,0.03531233792664398,0.0,0.0,11.50344978554213,15.0,0.07604471393886117,9.994167364585396,0.05066690655313323,172.25820197248356,0.8732883795080056,20.258165153785328,25.32270644223166,0.1283771978371509,0.08075417093254744,0.05380471331254775,0.9273712191079478,114.25969980610188,20.258165153785328,0.9321918395583648,0.8494016749386688,0.15059832506133103,204.28360639901075,235.43713966478555,86.04212938471733,0.9655810018929848,105.81915981053503,154.0971673180787,718.5692297292475,20.258165153785328,14.779281927590864,6.965584483182256,8.27272727272727,True,8.454545454545451,True,0.7295469167813201,0.65,0.2487862145802519,0.73,0.9272675528437316,-0.05555555555555555,0,0,35,0,40,40,72.98337665471551,5.0,0.0,0.3469440713917219,5.0,5.0,0.0,250.0,53.25813972100862,10.0,0.0,0.22022066803075402,10.0,10.0,0.0,350.0,17.752713240336206,3.552713678800501e-15,0.0,0.1387837390563908,3.552713678800501e-15,3.552713678800501e-15,0.0,443.00984563025656,9.862618466853448,9.994167364585392,0.0,0.05701223102627189,10.0,10.0,0.0,757.9753772420812,29.587855400560343,0.0,0.0,0.14844577883868965,0.0,0.0,0.0,375.56876873698235,13.807665853594827,172.25820197248356,0.0,0.08859351165617196,179.28360639901075,210.43713966478555,31.153533265774808,751.2800484187518,1.9539925233402757e-15,1.9539925233402757e-15,1.7998573880752805e-15,0.0,1.541351352649952e-16,6.496208786980505,6.496208786980505,5.983773857915773,0.0,0.5124349290647316,137.80656157798686,137.80656157798686,108.2759259481861,20.258165153785328,9.272470476015428,0.0,0.0,0.0,16292.758416731556,0.0
2045,demand_pull_circularity,42,192.25013173583025,202.48820204496266,1.0532539052987515,202.48820204496263,0.0,10.238070309132505,93.07336644665912,82.83529613752674,0.02929145267063798,0.0,0.0,10.238070309132382,15.0,0.07407838999266357,9.3603966451584,0.046226874211070905,178.12780539980426,0.8796947357962656,21.068491759936737,26.33561469992092,0.13005999576248437,0.07802335355801686,0.04868863579256458,0.92654191594817,116.5448938022239,21.068491759936737,0.8689282219310168,0.8469008543473411,0.1530991456526589,235.43713966478555,272.2262716425704,49.886358517703854,0.8600520815588591,108.41089520304305,157.6954556475896,695.1754652078541,21.068491759936737,15.486262158302177,7.209379940093634,8.454545454545451,True,8.636363636363633,True,0.7350437010280169,0.7666666666666667,0.24708379101993774,0.73,0.948294007711444,-0.05555555555555555,0,0,35,0,40,40,93.14457294068276,5.0,0.0,0.34498006687507976,5.0,5.0,0.0,250.0,38.472758388542914,10.0,0.0,0.21858450597794962,10.0,10.0,0.0,350.0,20.248820204496276,3.552713678800501e-15,0.0,0.1375297335177314,3.552713678800501e-15,3.552713678800501e-15,0.0,443.00984563025656,6.074646061348883,9.360396645158396,0.0,0.056685470914045084,10.0,10.0,0.0,755.153736933054,32.39811232719404,0.0,0.0,0.14728389325016372,0.0,0.0,0.0,375.56876873698235,12.149292122697766,178.12780539980426,0.0,0.09493632946503036,210.43713966478555,247.2262716425704,36.789131977784855,723.8976040855865,1.9539925233402757e-15,2.108127658605271e-15,1.7894122108782247e-15,0.0,3.187154477270462e-16,6.084257819352957,6.596692748417689,5.59937748895153,0.0,0.9973152594661583,142.5022443198434,151.77471479585884,110.94551631327236,21.068491759936737,19.760706722649743,0.0,0.0,0.0,17427.133690258903,0.0
2046,demand_pull_circularity,42,198.9788863465843,208.0907689217122,1.0457932132520669,208.0907689217122,0.0,9.111882575127943,82.83529613752674,73.72341356239883,0.024355699625419364,0.0,0.0,9.111882575127908,15.0,0.07208392797877206,10.000000000000004,0.048055951985848055,183.0907689217122,0.87986012003538,21.911231430334208,27.389039287917758,0.13162063569586813,0.07538488266475059,0.05025658844316708,0.9201517421441492,118.87579167826841,21.911231430334208,0.8103753341546455,0.8443661145286667,0.15563388547133325,272.2262716425704,314.72474078649833,9.587910841540634,0.7644036986809735,110.86848139860614,161.318030878801,676.9662903722023,21.911231430334208,16.19178540507506,7.461708237996911,8.636363636363633,True,8.818181818181815,True,0.7389719494568858,0.85,0.24585414372063485,0.73,0.9634812525573887,-0.05555555555555555,0,0,34,0,40,40,79.07449219025065,5.0,0.0,0.34337006383007934,5.0,5.0,0.0,250.0,43.699061473559546,10.0,0.0,0.2172157244343186,10.0,10.0,0.0,350.0,29.132707649039702,3.552713678800501e-15,0.0,0.13646883746949506,3.552713678800501e-15,3.552713678800501e-15,0.0,443.00984563025656,14.566353824519856,10.0,0.0,0.056418544074249954,10.0,10.0,0.0,752.6341659678333,29.132707649039702,0.0,0.0,0.1463074219662848,0.0,0.0,0.0,375.56876873698235,12.485446135302734,183.0907689217122,0.0,0.10021940822557246,247.2262716425704,289.72474078649833,42.49846914392792,702.3515985829844,1.9539925233402757e-15,2.272707971067322e-15,1.7795482605649836e-15,0.0,4.931597105023383e-16,6.5,7.497315259466158,5.8704569609199035,0.0,1.6268582985462547,146.47261513736976,166.2333218600195,113.0053347173485,21.911231430334208,31.316755712336786,0.0,0.0,0.0,18389.381939244813,0.0
2047,demand_pull_circularity,42,205.94314736871473,214.0527228605786,1.0393777389317291,214.0527228605786,0.0,8.109575491863872,73.72341356239883,65.61383807053497,0.020295721074956325,0.0,0.0,8.109575491863865,15.0,0.07007619337676037,7.8313025415898645,0.036585858086424415,191.22142031898872,0.8933379485368151,22.787680687547578,28.484600859434472,0.13307282653903765,0.0728356354248798,0.03802652645474493,0.9285155770521043,121.25330751183377,22.787680687547578,0.7540974871273386,0.8417972483220895,0.15820275167791062,314.72474078649833,361.8913960068522,0.0,0.6801267746719245,113.7802876872955,165.16296880521867,661.2903768804721,22.787680687547578,16.90289463193696,7.722868026326802,8.818181818181815,True,8.999999999999996,True,0.7417558137530695,0.8333333333333334,0.24497589473748194,0.73,0.9743284136501729,-0.05555555555555555,0,0,32,0,40,40,79.19950745841409,5.0,0.0,0.34207793137097986,5.0,5.0,0.0,250.0,57.7942351723562,10.0,0.0,0.2160408687199509,10.0,10.0,0.0,350.0,21.405272286057862,3.552713678800501e-15,0.0,0.13552579328453343,3.552713678800501e-15,3.552713678800501e-15,0.0,443.00984563025656,4.281054457211572,7.831302541589861,0.0,0.05620443067062709,10.0,10.0,0.0,750.0625852164617,21.405272286057862,0.0,0.0,0.14545888127823578,0.0,0.0,0.0,375.56876873698235,29.96738120048101,191.22142031898872,0.0,0.10469209467567273,289.72474078649833,336.8913960068522,47.16665522035386,684.688140713516,1.9539925233402757e-15,2.447152233842614e-15,1.76387633176888e-15,0.0,6.83275902073734e-16,5.09034665203341,6.7172049505796645,4.841676240698572,0.0,1.8755287098810927,152.97713625519097,184.29389196752777,116.41163127113519,22.787680687547578,45.094580008845,0.0,0.0,0.0,19606.18376501826,0.0
2048,demand_pull_circularity,42,213.1511575266197,220.36867971437863,1.0338610508688304,220.36867971437863,0.0,7.217522187758847,65.61383807053497,58.39631588277604,0.01694591259047358,0.0,0.0,7.217522187758931,15.0,0.06806774909865415,9.47291864744955,0.04298668331510388,195.89576106692908,0.888945567586242,23.699187915049478,29.623984893811848,0.13442919807028703,0.07037259461341046,0.04444225758551891,0.919046198669901,123.67837366207044,23.699187915049478,0.7023192515675437,0.8391940559917044,0.16080594400829556,361.8913960068522,405.39475636200035,0.0,0.6089359463804608,116.30087878712843,168.95047232216538,648.8670795345524,23.699187915049478,17.625492553206293,7.9931684072482385,8.999999999999996,True,9.0,True,0.7437171525195485,0.7833333333333333,0.2443536421554523,0.73,0.9820137900379085,-0.05555555555555555,0,0,27,0,40,40,79.33272469717633,5.0,0.0,0.3408269250464307,5.0,5.0,0.0,250.0,52.888483131450876,10.0,0.0,0.21498172102094223,10.0,10.0,0.0,350.0,28.64792836286921,3.552713678800501e-15,0.0,0.13470734778813692,3.552713678800501e-15,3.552713678800501e-15,0.0,443.00984563025656,8.814747188575142,9.472918647449546,0.0,0.055998418513606846,10.0,10.0,0.0,748.1286288055255,30.851615160012994,0.0,0.0,0.1447030053181802,0.0,0.0,0.0,375.56876873698235,19.83318117429407,195.89576106692908,0.0,0.10878258231270298,336.8913960068522,380.39475636200035,43.50336035514819,669.5041244095221,1.9539925233402757e-15,2.63726842541401e-15,1.75225334050831e-15,0.0,8.850150849056998e-16,6.157397120842205,8.032925830723297,5.337234915225104,0.0,2.6956909154981927,156.71660885354328,201.8111888623883,118.34113874684533,23.699187915049478,59.77086220049347,0.0,0.0,0.0,20434.85895616746,0.0
2049,demand_pull_circularity,42,220.61144804005139,227.0350427871567,1.0291172321480757,227.0350427871567,0.0,6.423594747105365,58.39631588277604,51.972721135670696,0.014174432016986652,0.0,0.0,6.423594747105341,15.0,0.06606909583584576,6.179734768868485,0.02721929924563201,205.8553080182882,0.9067116049185222,24.647155431651463,30.808944289564327,0.13570127285789724,0.06799284503711155,0.02801184990067502,0.9331125372102891,126.15194113531186,24.647155431651463,0.652336568225045,0.8365563455434447,0.16344365445655526,405.39475636200035,465.75916619800154,0.0,0.5600344829927302,119.40918529177854,173.00893039807713,636.3905391874389,24.647155431651463,18.33051225533455,8.272929301501927,9.0,True,9.0,True,0.7437171525195485,0.8166666666666667,0.2443536421554523,0.73,0.9820137900379085,-0.05555555555555555,0,0,32,0,40,40,97.62506839847735,5.0,0.0,0.3398342895225095,5.0,5.0,0.0,250.0,40.866307701688214,10.0,0.0,0.21404039700504846,10.0,10.0,0.0,350.0,24.97385470658724,3.552713678800501e-15,0.0,0.13393690974257855,3.552713678800501e-15,3.552713678800501e-15,0.0,443.00984563025656,2.2703504278715676,6.179734768868482,0.0,0.055834597859007996,10.0,10.0,0.0,745.8760423694383,34.055256418073505,0.0,0.0,0.1440178530942209,0.0,0.0,0.0,375.56876873698235,27.244205134458806,205.8553080182882,0.0,0.11233595277663463,380.39475636200035,440.75916619800154,60.364409836001165,656.4010346989015,1.9539925233402757e-15,2.8390076082459757e-15,1.7341928271430639e-15,0.0,1.1048147811029118e-15,4.016827599764513,6.712518515262706,4.100306539307103,0.0,2.612211975955603,164.6842464146306,224.45510861512406,122.05163459600476,24.647155431651463,77.75631858746783,0.0,0.0,0.0,21804.981989046322,0.0
2050,demand_pull_circularity,42,228.3328487214532,234.04984804637698,1.0250380063882005,234.04984804637698,0.0,5.716999324923777,51.972721135670696,46.255721810746905,0.011875710397325101,0.0,0.0,5.7169993249237905,15.0,0.06408891150840547,10.000000000000004,0.04272594100560366,209.04984804637698,0.8931851474859909,25.633041648917523,32.0413020611469,0.1368994781607289,0.06569357008416575,0.043795713389443845,0.915548722914591,128.6749799580181,25.633041648917523,0.6072527163263487,0.8338839330452189,0.16611606695478107,465.75916619800154,521.4100872244975,0.0,0.5025125967072835,121.90684603070743,176.94103442969558,627.8490688858749,25.633041648917523,19.06373274554793,8.562481827054494,9.0,True,9.0,True,0.7437171525195485,0.7833333333333333,0.2443536421554523,0.73,0.9820137900379085,-0.05555555555555555,0,0,25,0,40,40,79.57694833576817,5.0,0.0,0.3387440013933627,5.0,5.0,0.0,250.0,35.107477206956546,10.0,0.0,0.21315534588840432,10.0,10.0,0.0,350.0,35.107477206956546,3.552713678800501e-15,0.0,0.13326968690519844,3.552713678800501e-15,3.552713678800501e-15,0.0,443.00984563025656,11.70249240231885,10.0,0.0,0.05565619764808791,10.0,10.0,0.0,744.4545299521463,49.15046808973918,0.0,0.0,0.1433906195017401,0.0,0.0,0.0,375.56876873698235,23.404984804637696,209.04984804637698,0.0,0.11578414866320666,440.75916619800154,496.4100872244975,55.65092102649598,644.5995303444671,1.9539925233402757e-15,3.0588073044431875e-15,1.7226888533193873e-15,0.0,1.3361184511238002e-15,6.5,9.112211975955603,5.131904182803583,0.0,3.9803077931520194,167.2398784371016,244.99619702456943,123.54307577521452,25.633041648917523,95.82007960043738,0.0,0.0,0.0,22442.50409707767,0.0
2026,coordinated_closed_loop_transition,42,100.0,100.0,1.0,100.0,0.0,0.0,0.0,0.0,0.0,0.0,0.0,0.0,15.0,0.15,85.0,0.85,0.0,0.0,0.0,0.0,0.0,0.15,0.85,0.0,23.13495575221239,0.0,1.0,1.0,0.0,165.0,169.16655253889707,0.0,0.6060606060606061,9.93650442477876,46.53904867256637,455.1106194690265,10.0,7.8564795460917045,5.25,5.0,False,5.224818181818182,False,0.7856479546091705,0.7,0.24644715777239304,0.5800000000000001,0.01798620996209156,0.0077777777777777776,0,0,32,0,40,0,39.0,5.0,0.0,0.39800803774381344,5.0,5.0,0.0,250.0,24.0,10.0,0.0,0.2654127129392151,10.0,10.0,0.0,350.0,13.0,32.9646017699115,0.0,0.13261867735056485,60.0,62.1817980149589,2.181798014958898,500.0,6.0,7.699115044247788,0.0,0.05815414268921381,10.0,10.0,0.0,850.0,18.0,44.336283185840706,0.0,0.1458064292771925,80.0,81.98475452393818,1.9847545239381852,400.0,0.0,0.0,0.0,0.0,0.0,0.0,0.0,1080.0,18.13053097345133,18.13053097345133,18.13053097345133,0.0,0.0,5.004424778761062,5.004424778761062,5.004424778761062,0.0,0.0,0.0,0.0,0.0,0.0,0.0,13.300884955752212,2566.541440671721,0.0,0.0,1865.501351066629
2027,coordinated_closed_loop_transition,42,103.49999999999999,103.49999999999997,0.9999999999999999,103.49999999999997,0.0,0.0,0.0,1.4210854715202004e-14,6.983220990271255e-17,1.4210854715202004e-14,1.3730294410823194e-16,0.0,15.0,0.1449275362318841,88.49999999999997,0.8550724637681159,0.0,0.0,0.0,0.0,0.0,0.1449275362318841,0.8550724637681157,0.0,24.32126380284735,0.0,1.0,1.0,0.0,169.16655253889707,173.56235675382726,0.0,0.6118230728630699,10.211878008782634,48.64073944453272,446.53614271207437,10.600000000000001,8.349951027600174,5.433749999999999,5.224818181818182,False,5.449636363636364,False,0.7877312290188841,0.8333333333333334,0.2458328061655397,0.5800000000000001,0.027912705331460442,0.0077777777777777776,0,0,32,0,40,0,39.32999999999998,5.0,0.0,0.3975225258023187,5.0,5.0,0.0,250.0,25.875,10.0,0.0,0.263921468991017,10.0,10.0,0.0,350.0,16.56,36.32708104063876,0.0,0.1340595247294487,62.1817980149589,64.76497788863459,2.583179873675688,491.52526058030713,4.14,6.679029585378508,0.0,0.05808538568684622,10.0,10.0,0.0,840.3166986812737,17.595,45.49388937398271,0.0,0.14641109479036918,81.98475452393818,83.79737886519267,1.8126243412544918,395.6204438038426,0.0,0.0,0.0,0.0,0.0,0.0,0.0,1080.0,19.97989457235132,19.97989457235132,19.97989457235132,0.0,0.0,4.3413692304960305,4.3413692304960305,4.3413692304960305,0.0,0.0,0.0,0.0,0.0,0.0,0.0,13.648166812194813,2903.251410507767,0.0,0.0,1957.0043344812889
2028,coordinated_closed_loop_transition,42,107.12249999999999,107.12249999999993,0.9999999999999994,107.12249999999993,0.0,2.842170943040401e-15,1.4210854715202004e-14,7.105427357601002e-14,2.287479933875042e-16,5.684341886080802e-14,5.30639397519737e-16,0.0,15.0,0.14002660505496053,92.12249999999993,0.8599733949450394,0.0,0.0,0.0,0.0,0.0,0.14002660505496045,0.859973394945039,0.0,23.967142060829516,0.0,1.0,1.0,0.0,173.56235675382726,177.74265575223788,0.0,0.617198924948556,10.190719571158935,50.03145469527382,437.52444011896773,11.236,8.886399392985906,5.623931249999999,5.449636363636364,False,5.674454545454545,False,0.7908863824302159,0.6833333333333333,0.24489427029420388,0.5800000000000001,0.04307726562051012,0.0077777777777777776,0,0,30,0,40,0,49.27634999999995,5.0,0.0,0.3970523686931434,5.0,5.0,0.0,250.0,26.780624999999983,10.0,0.0,0.2627047282293273,10.0,10.0,0.0,350.0,10.71225,36.59756816814414,0.0,0.1354059965032267,64.76497788863459,66.96567908511447,2.2007011964798795,484.45324247849334,2.1424499999999997,5.90535318207729,0.0,0.05801895314808469,10.0,10.0,0.0,832.9855152882388,18.210824999999996,49.619578649778504,0.0,0.14681795342621787,83.79737886519267,85.7769766671234,1.9795978019307436,392.3819616617036,0.0,0.0,0.0,0.0,0.0,0.0,0.0,1080.0,20.12866249247928,20.12866249247928,20.12866249247928,0.0,0.0,3.8384795683502384,3.8384795683502384,3.8384795683502384,0.0,0.0,0.0,0.0,0.0,0.0,0.0,14.88587359493355,2986.6056498019043,0.0,0.0,2168.947830852334
2029,coordinated_closed_loop_transition,42,110.87178749999997,110.87178749999993,0.9999999999999997,110.87178749999994,1.4210854715202004e-14,1.4210854715202004e-14,7.105427357601002e-14,1.1368683772161603e-13,2.697233179503436e-16,4.263256414560601e-14,3.845213025505341e-16,0.0,15.0,0.1352914058502034,95.87178749999993,0.8647085941497966,0.0,0.0,0.0,0.0,0.0,0.13529140585020336,0.8647085941497963,0.0,25.697388391159993,0.0,1.0,1.0,0.0,177.74265575223788,182.68684861786687,0.0,0.6237770389486486,10.822363260202883,52.414528880350076,436.8905468984262,11.910160000000001,9.475446055376496,5.820768843749998,5.674454545454545,False,5.899272727272727,False,0.7955767223426465,0.7833333333333333,0.24348041997040848,0.5800000000000001,0.06592180372470967,0.0077777777777777776,0,0,34,0,40,0,44.348714999999956,5.0,0.0,0.39663435544412584,5.0,5.0,0.0,250.0,32.152818374999995,10.0,0.0,0.2616959934509908,10.0,10.0,0.0,350.0,13.304614499999998,39.01292651010424,0.0,0.13651159212843675,66.96567908511447,69.7637546366944,2.798075551579924,478.79762105978347,3.326153624999999,6.523505862465624,0.0,0.05796003093077871,10.0,10.0,0.0,827.157585270225,17.739485999999996,50.33535512743006,0.0,0.14719802804566795,85.7769766671234,87.92309398117247,2.1461173140490577,389.65796638397865,0.0,0.0,0.0,0.0,0.0,0.0,0.0,1080.0,21.457109580557336,21.457109580557336,21.457109580557336,0.0,0.0,4.240278810602656,4.240278810602656,4.240278810602656,0.0,0.0,0.0,0.0,0.0,0.0,0.0,15.100606538229018,3236.644242933541,0.0,0.0,2229.8634005020494
2030,coordinated_closed_loop_transition,42,114.75230006249997,114.75230006250001,1.0000000000000004,114.7523000625,0.0,2.2737367544323207e-14,1.1368683772161603e-13,7.105427357601002e-14,1.3250298505205608e-16,0.0,0.0,4.263256414560601e-14,15.0,0.1307163341547858,99.75230006250001,0.8692836658452142,0.0,0.0,0.0,0.0,0.0,0.13071633415478587,0.8692836658452145,0.0,28.07132108646829,0.0,1.0,1.0,0.0,182.68684861786687,187.3956810610929,0.0,0.6281366224808652,11.566194837415518,55.17904189180177,436.54636050814605,12.624769600000004,10.129579728380486,6.024495753281248,5.899272727272727,False,6.124090909090909,False,0.802357591411449,0.8833333333333333,0.24139483917069998,0.5800000000000001,0.09961994648173644,0.0077777777777777776,0,0,31,0,40,0,41.3108280225,5.0,0.0,0.39639594569568126,5.0,5.0,0.0,250.0,24.097983013125,10.0,0.0,0.26079063988455276,10.0,10.0,0.0,350.0,22.9504600125,42.89076364104157,0.0,0.13744192188417056,69.7637546366944,72.51548237955927,2.7517277428648765,473.83860989637157,4.5900920025,6.89446320599296,0.0,0.05792615568841054,10.0,10.0,0.0,821.3049876048661,21.802937011875,49.967073215465476,0.0,0.14744533684718508,87.92309398117247,89.88019868153363,1.957104700361153,387.4339813688748,0.0,0.0,0.0,0.0,0.0,0.0,0.0,1080.0,23.589920002572867,23.589920002572867,23.589920002572867,0.0,0.0,4.481401083895424,4.481401083895424,4.481401083895424,0.0,0.0,0.0,0.0,0.0,0.0,0.0,14.990121964639641,3609.7363419027256,0.0,0.0,2237.30776515987
2031,coordinated_closed_loop_transition,42,118.76863056468746,118.7686305646875,1.0000000000000004,118.7686305646875,0.0,1.4210854715202004e-14,7.105427357601002e-14,2.842170943040401e-14,4.3390914659459455e-17,0.0,0.0,4.263256414560601e-14,15.0,0.12629597502877857,103.7686305646875,0.8737040249712215,0.0,0.0,0.0,0.0,0.0,0.12629597502877862,0.8737040249712218,0.0,28.929086036627904,0.0,1.0,1.0,0.0,187.3956810610929,192.24382913601585,0.0,0.6337853140060775,12.363207147038844,57.11651668225596,441.83021332177185,13.382255776000003,10.863316795547526,6.235353104646091,6.124090909090909,False,6.348909090909091,False,0.8117702259905993,0.7833333333333333,0.23841185654421718,0.5800000000000001,0.1478180188858349,0.0077777777777777776,0,0,31,0,40,0,45.132079614581265,5.0,0.0,0.3962393061017924,5.0,5.0,0.0,250.0,36.81827547505312,10.0,0.0,0.25995584436458896,10.0,10.0,0.0,350.0,9.501490445174996,40.78015643023255,0.0,0.13830845793901975,72.51548237955927,75.35271393472141,2.8372315551621385,469.2725987258279,10.68917675082187,10.0,0.0,0.057903680720479155,10.0,10.0,0.0,815.6763690146931,16.627608279056243,52.98847413445495,0.0,0.1475927108741198,89.88019868153363,91.89111520129443,2.0109165197608023,385.5894331261217,0.0,0.0,0.0,0.0,0.0,0.0,0.0,1080.0,22.429086036627904,22.429086036627904,22.429086036627904,0.0,0.0,6.5,6.5,6.5,0.0,0.0,0.0,0.0,0.0,0.0,0.0,15.896542240336483,3476.667739227311,0.0,0.0,2393.5846884983926
2032,coordinated_closed_loop_transition,42,122.9255326344515,122.92553263445146,0.9999999999999997,122.92553263445146,0.0,5.684341886080802e-15,2.842170943040401e-14,7.105427357601002e-14,9.133635627963273e-17,4.263256414560601e-14,3.4681618400942093e-16,0.0,15.0,0.12202509664616297,107.92553263445146,0.877974903353837,0.0,0.0,0.0,0.0,0.0,0.12202509664616293,0.8779749033538368,0.0,28.956216325009432,0.0,1.0,1.0,0.0,192.24382913601585,197.59401137612622,0.0,0.6394251154219338,12.129182375696681,59.04135598271424,429.1100443215385,14.185191122560003,11.690166126728412,6.453590463308704,6.348909090909091,False,6.573727272727273,False,0.824110583052806,0.7333333333333333,0.2343283470739572,0.5800000000000001,0.21379804953136203,0.0077777777777777776,0,0,33,0,40,0,56.545745011847664,5.0,0.0,0.39650376343696186,5.0,5.0,0.0,250.0,30.731383158612864,10.0,0.0,0.25915555089946596,10.0,10.0,0.0,350.0,12.292553263445148,44.481498109967134,0.0,0.13874672507475333,75.35271393472141,78.52530762415138,3.1725936894299736,465.55616732330066,3.6877659790335446,6.909834406965395,0.0,0.05793983722707072,10.0,10.0,0.0,808.3451089601997,19.668085221512236,56.53420011751892,0.0,0.14765412336174807,91.89111520129443,94.06870375197484,2.1775885506804107,383.9165335041517,0.0,0.0,0.0,0.0,0.0,0.0,0.0,1080.0,24.464823960481926,24.464823960481926,24.464823960481926,0.0,0.0,4.491392364527507,4.491392364527507,4.491392364527507,0.0,0.0,0.0,0.0,0.0,0.0,0.0,16.960260035255676,3832.1970648264532,0.0,0.0,2573.7412130175085
2033,coordinated_closed_loop_transition,42,127.22792627665729,127.22792627665737,1.0000000000000007,127.22792627665737,0.0,1.4210854715202004e-14,7.105427357601002e-14,0.0,0.0,0.0,0.0,7.105427357601002e-14,15.0,0.11789864410257282,112.22792627665737,0.8821013558974272,0.0,0.0,0.0,0.0,0.0,0.1178986441025729,0.8821013558974278,0.0,31.418624319787273,0.0,1.0,1.0,0.0,197.59401137612622,203.136484257785,0.0,0.6438855377781422,12.776115345029194,62.07856410109963,426.5988550982507,15.036302589913607,12.617023863859442,6.679466129524507,6.573727272727273,False,6.7985454545454544,False,0.8391041473402495,0.9,0.22906143222418546,0.5800000000000001,0.29889916310198905,0.0077777777777777776,0,0,33,0,40,0,53.4357290361961,5.0,0.0,0.3963926112684824,5.0,5.0,0.0,250.0,33.07926083193092,10.0,0.0,0.25846330061583095,10.0,10.0,0.0,350.0,20.356468204265177,49.67640366925905,0.0,0.1394161947892838,78.52530762415138,81.81817086926715,3.292863245115765,462.0230690760593,2.544558525533146,6.302465079530448,0.0,0.05792386681061549,10.0,10.0,0.0,803.7570305535551,17.81190967873203,56.24905752786787,0.0,0.1478040265157875,94.06870375197484,96.31831338851785,2.249609636543019,382.3707192616992,0.0,0.0,0.0,0.0,0.0,0.0,0.0,1080.0,27.322022018092483,27.322022018092483,27.322022018092483,0.0,0.0,4.096602301694791,4.096602301694791,4.096602301694791,0.0,0.0,0.0,0.0,0.0,0.0,0.0,16.87471725836036,4322.319920551564,0.0,0.0,2579.449738777444
2034,coordinated_closed_loop_transition,42,131.6809036963403,131.68090369634035,1.0000000000000004,131.68090369634032,0.0,0.0,0.0,0.0,0.0,0.0,0.0,0.0,15.0,0.11391173343243753,116.68090369634034,0.8860882665675623,0.0,0.0,0.0,0.0,0.0,0.11391173343243757,0.8860882665675628,0.0,34.18942135527216,0.0,1.0,1.0,0.0,203.136484257785,208.69276912230725,0.0,0.6482385681600857,14.09196896203106,65.09810721161804,435.14578109526684,15.938480745308423,13.638312660257645,6.913247444057865,6.7985454545454544,False,7.023363636363636,True,0.8556846087273503,0.8166666666666667,0.22276631740158573,0.5800000000000001,0.40061360063108836,0.0077777777777777776,0,0,33,0,40,0,47.40512533068253,5.0,0.0,0.3962152205820276,5.0,5.0,0.0,250.0,39.504271108902095,10.0,0.0,0.2578149244771221,10.0,10.0,0.0,350.0,18.43532651748764,50.3444024641312,0.0,0.14015202256451026,81.81817086926715,84.8146071987215,2.99643632945436,458.5705481287035,10.534472295707223,10.0,0.0,0.05789869869122244,10.0,10.0,0.0,799.8597364837198,15.801708443560832,56.33650123220914,0.0,0.14791913368511758,96.31831338851785,98.87816192358575,2.5598485350678946,381.0199715415842,0.0,0.0,0.0,0.0,0.0,0.0,0.0,1080.0,27.689421355272163,27.689421355272163,27.689421355272163,0.0,0.0,6.5,6.5,6.5,0.0,0.0,0.0,0.0,0.0,0.0,0.0,16.90095036966274,4422.1809608235735,0.0,0.0,2599.4943398277182
2035,coordinated_closed_loop_transition,42,136.2897353257122,136.2897353257122,1.0,136.2897353257122,0.0,0.0,0.0,0.0,0.0,0.0,0.0,0.0,15.0,0.1100596458284421,121.2897353257122,0.8899403541715579,0.0,0.0,0.0,0.0,0.0,0.1100596458284421,0.8899403541715579,0.0,33.714375133435354,0.0,1.0,1.0,0.0,208.69276912230725,122.35716763482284,0.0,0.6530640036015706,14.067217237565718,66.85265062532267,428.5216127898857,16.894789590026928,14.735209242236069,7.15521110459989,7.023363636363636,True,7.248181818181818,True,0.8721747710272953,0.8833333333333333,0.21589242789301155,0.5800000000000001,0.5116796931019882,0.0077777777777777776,40,0,0,0,40,40,31.3466391249138,5.0,0.0,0.3106699898390998,5.0,5.0,0.0,250.0,36.7982285379423,10.0,0.0,0.2232643721586394,10.0,10.0,0.0,350.0,17.717665592342584,50.57971830554294,0.0,0.13600298383282994,84.8146071987215,0.0,-84.8146071987215,455.48510795491984,8.177384119542731,9.070046254441122,0.0,0.0773932600428915,10.0,10.0,0.0,794.1586560927731,25.895049711885314,61.63997076572814,0.0,0.1328528012107925,98.87816192358575,0.0,-98.87816192358575,379.8141482027094,16.354768239085463,0.0,0.0,0.11981659291574698,0.0,97.35716763482284,97.35716763482284,1080.0,27.81884506804862,27.81884506804862,27.81884506804862,0.0,0.0,5.89553006538673,5.89553006538673,5.89553006538673,0.0,0.0,0.0,0.0,0.0,0.0,0.0,18.49199122971844,4481.228799704946,0.0,0.0,2860.3223643114416
2036,coordinated_closed_loop_transition,42,141.0598760621121,122.35716763482284,0.8674129812856635,141.05987606211204,18.702708427289195,0.0,0.0,18.702708427289252,0.01423125850281795,18.702708427289252,0.13258701871433656,0.0,15.0,0.1225919191327456,10.0,0.08172794608849707,97.35716763482284,0.7956801347787573,17.908476965428545,22.385596206785678,0.18295287999470444,0.10633782205646583,0.07089188137097722,0.6901832778582204,66.47725714242974,17.908476965428545,1.0,0.78777838274727,0.21222161725273,122.35716763482284,140.27825626219044,18.702708427289252,1.0,65.55858728628664,96.39359422403702,962.6734736912495,17.908476965428545,16.445442536827343,7.405643493260885,7.248181818181818,True,7.473,True,0.9183049216622096,0.9666666666666667,0.2090891792958795,0.8800000000000001,0.6216043924805696,0.0077777777777777776,0,0,37,0,40,40,49.37095662173921,5.0,8.243414093951058,0.31012535234753524,5.0,5.0,0.0,250.0,36.67556777614913,10.0,4.955893857431895,0.2228732437601167,10.0,10.0,0.0,350.0,18.33778388807457,0.0,3.4068669612752935,0.1364998319773574,0.0,0.0,0.0,452.7175004279822,5.642395042484484,10.0,0.0,0.07795770749219957,10.0,10.0,0.0,789.4258552428753,11.284790084968968,0.0,2.0965335146309503,0.13292654864650916,0.0,0.0,0.0,378.62988502949486,19.74838264869569,97.35716763482284,0.0,0.11961731577628174,97.35716763482284,115.27825626219044,17.921088627367602,1080.0,0.0,0.0,0.0,0.0,0.0,6.5,6.5,6.5,0.0,0.0,77.88573410785828,77.88573410785828,59.977257142429735,17.908476965428545,0.0,0.0,0.0,0.0,7517.657405281056,0.0
2037,coordinated_closed_loop_transition,42,145.99697172428603,140.27825626219044,0.9608299035620045,149.73751340974388,9.459257147553444,3.740541685457851,18.702708427289252,24.42142388938484,0.016724755545891135,5.718715462095588,0.039170096437995516,0.0,15.0,0.10693032833231039,10.0,0.0712868855548736,115.27825626219044,0.821782786112816,18.98298558335426,23.728731979192823,0.1691547400962988,0.10274185705938726,0.06849457137292485,0.7895934751296924,79.7396194263981,18.98298558335426,1.0,0.8077138910437076,0.19228610895629242,140.27825626219044,161.00278328718304,24.42142388938484,1.0,77.0280840078019,112.8809957612152,782.5714503636233,18.98298558335426,17.601785967070086,7.664841015525016,7.473,True,7.697818181818182,True,0.9272401272065804,0.9166666666666666,0.2029802790621118,0.8800000000000001,0.7203100346665293,0.0077777777777777776,0,0,36,0,40,40,53.9055048275078,5.0,4.3524426002481365,0.33541957348378054,5.0,5.0,0.0,250.0,25.45537727965646,10.0,1.3754820180702325,0.22288736671474638,10.0,10.0,0.0,350.0,23.95800214555902,0.0,2.1321900167057573,0.12605139140056398,0.0,0.0,0.0,452.7175004279822,5.989500536389755,10.0,0.0,0.05674435782579878,10.0,10.0,0.0,784.6167026159366,17.968501609169266,0.0,1.599142512529318,0.1300246983050209,0.0,0.0,0.0,378.62988502949486,22.460627011461582,115.27825626219044,0.0,0.12887261227008912,115.27825626219044,136.00278328718304,20.724527024992593,843.0175349841506,0.0,0.0,0.0,0.0,0.0,6.5,6.5,6.5,0.0,0.0,92.22260500975236,92.22260500975236,73.2396194263981,18.98298558335426,0.0,0.0,0.0,0.0,12317.207993876844,0.0
2038,coordinated_closed_loop_transition,42,151.10686573463602,155.99115051251295,1.0323233809008678,155.99115051251295,0.0,4.884284777876968,24.42142388938484,19.537139111507912,0.012125055779597006,0.0,0.0,4.884284777876928,15.0,0.09615930102904628,10.0,0.06410620068603086,130.99115051251295,0.8397344982849229,20.121964718355514,25.152455897944392,0.16124283855401636,0.09926749474336935,0.0661783298289129,0.8668775563285855,91.17095569165485,20.121964718355514,1.0,0.8191981606356911,0.18080183936430894,161.00278328718304,187.52625597693634,14.525506336837822,0.9688723842386577,87.0843363280083,127.33685847151192,723.7079038715951,20.121964718355514,18.7920150166425,7.933110451068391,7.697818181818182,True,7.9226363636363635,True,0.9339055743150263,0.9166666666666666,0.1979560114584507,0.8800000000000001,0.8014905321957251,0.0077777777777777776,0,0,39,0,40,40,63.95637171013029,5.0,0.0,0.3434012020043997,5.0,5.0,0.0,250.0,31.198230102502585,10.0,0.0,0.22088982564037463,10.0,10.0,0.0,350.0,18.718938061501554,0.0,0.0,0.12087545024617924,0.0,0.0,0.0,452.7175004279822,12.479292041001038,10.0,0.0,0.049822357940546284,10.0,10.0,0.0,780.1752160906107,12.479292041001038,0.0,0.0,0.12768502967706855,0.0,0.0,0.0,378.62988502949486,17.159026556376425,130.99115051251295,0.0,0.13732613449143174,136.00278328718304,162.52625597693634,26.523472689753305,766.0080547917481,0.0,0.0,0.0,0.0,0.0,6.5,6.5,6.5,0.0,0.0,104.79292041001037,104.79292041001037,84.67095569165485,20.121964718355514,0.0,0.0,0.0,0.0,15261.29508676525,0.0
2039,coordinated_closed_loop_transition,42,156.39560603534827,160.30303385764987,1.0249842557687872,160.30303385764984,0.0,3.9074278223015826,19.537139111507912,15.629711289206313,0.008841841575418355,0.0,0.0,3.9074278223015995,15.0,0.09357277675305944,8.993965648689311,0.05610602265129936,136.30906820896055,0.8503212005956412,21.329282601456846,26.661603251821056,0.16632001659741968,0.0959106229404535,0.057507789871388784,0.8715658429569448,93.56404963735964,21.329282601456846,1.0,0.8143557838750647,0.18564421612493529,187.52625597693634,217.56232042495773,0.0,0.8548298104845935,90.16084248955879,131.54272430747415,685.0425266197695,21.329282601456846,20.01998308210334,8.210769316855783,7.9226363636363635,True,8.147454545454545,True,0.9386149293523788,0.9333333333333333,0.19411383937882473,0.8800000000000001,0.8635711110226855,0.0077777777777777776,0,0,37,0,40,40,40.075758464412445,5.0,0.0,0.33768503596546273,5.0,5.0,0.0,250.0,28.854546094376975,10.0,0.0,0.21670957992722115,10.0,10.0,0.0,350.0,28.854546094376975,0.0,0.0,0.11831745468903618,0.0,0.0,0.0,452.7175004279822,4.809091015729495,8.993965648689311,0.0,0.04900440774347008,10.0,10.0,0.0,776.0508225297198,30.457576432953473,0.0,0.0,0.1252091982526326,0.0,0.0,0.0,378.62988502949486,27.251515755800476,136.30906820896055,0.0,0.15307432342217722,162.52625597693634,192.56232042495773,30.036064448021385,719.5751697812702,0.0,0.0,0.0,0.0,0.0,5.846077671648053,5.846077671648053,5.846077671648053,0.0,0.0,109.04725456716845,109.04725456716845,87.7179719657116,21.329282601456846,0.0,0.0,0.0,0.0,16667.935789814095,0.0
2040,coordinated_closed_loop_transition,42,161.86945224658544,164.99539450442674,1.019311502043507,164.9953945044267,0.0,3.125942257841263,15.629711289206313,12.50376903136501,0.006480086973873467,0.0,0.0,3.1259422578413023,15.0,0.09091162844304455,9.45207299240771,0.057286889860153734,140.54332151201902,0.8518014816968016,22.60903955754426,28.261299446930323,0.17128538364246335,0.09266726854150097,0.05839318575075426,0.8682510477512517,95.96946509713597,22.60903955754426,1.0,0.8093327317342596,0.19066726826574038,217.56232042495773,249.49605793856114,0.0,0.75838221518389,93.0196494902247,135.75089560837577,659.2642392881726,22.60903955754426,21.293690638852432,8.498146242945735,8.147454545454545,True,8.372272727272726,True,0.9418219904766845,0.9166666666666666,0.19133600070363543,0.8800000000000001,0.9084545335424943,0.0077777777777777776,0,0,33,0,40,40,62.69824991168215,5.0,0.0,0.3335777772864027,5.0,5.0,0.0,250.0,26.399263120708273,10.0,0.0,0.21365021079462435,10.0,10.0,0.0,350.0,21.449401285575473,0.0,0.0,0.1164184849988092,0.0,0.0,0.0,452.7175004279822,8.249769725221336,9.45207299240771,0.0,0.04841989138459364,10.0,10.0,0.0,772.5782722224662,19.799447340531206,0.0,0.0,0.12338658496727209,0.0,0.0,0.0,378.62988502949486,26.399263120708273,140.54332151201902,0.0,0.1645470505682981,192.56232042495773,224.49605793856114,31.933737513603393,688.2084184579788,0.0,0.0,0.0,0.0,0.0,6.143847445065012,6.143847445065012,6.143847445065012,0.0,0.0,112.43465720961522,112.43465720961522,89.82561765207096,22.60903955754426,0.0,0.0,0.0,0.0,17737.481317555234,0.0
2041,coordinated_closed_loop_transition,42,167.53488307521593,170.03563688148893,1.0149267648645461,170.03563688148893,0.0,2.500753806273002,12.50376903136501,10.003015225092014,0.004769920868795149,0.0,0.0,2.5007538062729964,15.0,0.08821680134297182,10.0,0.058811200895314546,145.03563688148893,0.8529719977617136,23.965581930996915,29.95697741374614,0.17618058168962247,0.08953359279372074,0.05968906186248049,0.865704110208345,98.56292757419423,23.965581930996915,1.0,0.8044081167086948,0.19559188329130509,249.49605793856114,285.02664956767336,0.0,0.68151632649587,96.07280760415293,140.25778593096982,640.1812545357303,23.965581930996915,22.622414863552414,8.795581361448836,8.372272727272726,True,8.597090909090909,True,0.9439543312024792,0.9666666666666667,0.18940812319062855,0.8800000000000001,0.9396045573921812,0.0077777777777777776,0,0,32,0,40,40,45.909621958002006,5.0,0.0,0.3304829890991291,5.0,5.0,0.0,250.0,45.909621958002006,10.0,0.0,0.21124606470670357,10.0,10.0,0.0,350.0,23.804989163408457,0.0,0.0,0.1148796813863859,0.0,0.0,0.0,452.7175004279822,13.602850950519114,10.0,0.0,0.047980870486786564,10.0,10.0,0.0,769.1425915298813,15.303207319334003,0.0,0.0,0.12193885180786738,0.0,0.0,0.0,378.62988502949486,25.505345532223348,145.03563688148893,0.0,0.1734715425131275,224.49605793856114,260.02664956767336,35.53059162911221,664.7483576609155,0.0,0.0,0.0,0.0,0.0,6.5,6.5,6.500000000000001,0.0,0.0,116.02850950519115,116.02850950519115,92.06292757419423,23.965581930996915,0.0,0.0,0.0,0.0,18728.24363094173,0.0
2042,coordinated_closed_loop_transition,42,173.39860398284847,175.39920702786694,1.0115375960305675,175.39920702786694,0.0,2.0006030450184027,10.003015225092014,8.002412180073549,0.0035245129395475726,0.0,0.0,2.0006030450184653,15.0,0.08551920076592388,10.0,0.05701280051061592,150.39920702786694,0.8574679987234602,25.403516846856732,31.754396058570915,0.18104070478223921,0.08650588675721811,0.05767059117147874,0.8673611181018707,101.41584877543683,25.403516846856732,1.0,0.7996874000890677,0.2003125999109323,285.02664956767336,330.48335518194295,0.0,0.6153782717998874,99.50549249783485,145.19227046563756,624.6789057279464,25.403516846856732,24.015231128007354,9.103426709099544,8.597090909090909,True,8.821909090909092,True,0.9453506486043425,0.95,0.18810780123311943,0.8800000000000001,0.9606147407235403,0.0077777777777777776,0,0,35,0,40,40,45.60379382724541,5.0,0.0,0.328032006364026,5.0,5.0,0.0,250.0,36.83383347585206,10.0,0.0,0.20925573910321998,10.0,10.0,0.0,350.0,24.55588898390137,0.0,0.0,0.11356724900878437,0.0,0.0,0.0,452.7175004279822,12.27794449195068,10.0,0.0,0.04763397107083818,10.0,10.0,0.0,765.7200671939559,21.04790484334403,0.0,0.0,0.12072775574119066,0.0,0.0,0.0,378.62988502949486,35.07984140557339,150.39920702786694,0.0,0.18078327871194066,260.02664956767336,305.48335518194295,45.45670561426958,646.0205872081178,0.0,0.0,0.0,0.0,0.0,6.5,6.5,6.5,0.0,0.0,120.31936562229356,120.31936562229356,94.91584877543683,25.403516846856732,0.0,0.0,0.0,0.0,19779.510559454055,0.0
2043,coordinated_closed_loop_transition,42,179.46755512224814,181.0680375582628,1.0089179486226603,181.0680375582628,0.0,1.6004824360147099,8.002412180073549,6.40192974405889,0.0026130654731738945,0.0,0.0,1.6004824360146586,15.0,0.0828417881050564,7.404595127053183,0.04089399336793819,158.66344243120963,0.8762642185270055,26.927727857668135,33.65965982208517,0.18589509377796398,0.0835805669151866,0.041258683899768875,0.8840786978077049,104.81601291988414,26.927727857668135,1.0000000000000002,0.7956052583694637,0.2043947416305362,330.48335518194295,376.5539700026775,0.0,0.5478885236401039,103.95109657226645,151.02400321092665,609.7845007623973,26.927727857668135,25.48053022412316,9.422046643918026,8.821909090909092,True,9.0,True,0.946256229222368,0.9833333333333333,0.1872475617583997,0.8800000000000001,0.9745142130568036,0.0077777777777777776,0,0,30,0,40,40,54.32041126747884,5.0,0.0,0.325966382689867,5.0,5.0,0.0,250.0,34.402927136069934,10.0,0.0,0.2075362105343944,10.0,10.0,0.0,350.0,21.728164506991536,0.0,0.0,0.1124158740820652,0.0,0.0,0.0,452.7175004279822,5.432041126747886,7.404595127053183,0.0,0.04734223947771828,10.0,10.0,0.0,762.4923495312153,18.10680375582628,0.0,0.0,0.11967547135782233,0.0,0.0,0.0,378.62988502949486,47.07768976514833,158.66344243120963,0.0,0.18706382185813283,305.48335518194295,351.5539700026775,46.07061482073455,630.3691273690941,0.0,0.0,0.0,0.0,0.0,4.812986832584569,4.812986832584569,4.812986832584569,0.0,0.0,126.9307539449677,126.9307539449677,100.00302608729957,26.927727857668135,0.0,0.0,0.0,0.0,21176.679721894827,0.0
2044,coordinated_closed_loop_transition,42,185.74891955152682,187.02930550033867,1.0068931003846655,187.02930550033867,0.0,1.2803859488117781,6.40192974405889,5.1215437952470495,0.0019431303723984115,0.0,0.0,1.2803859488118405,15.0,0.08020133507886462,8.510084951250949,0.04550134498165871,163.51922054908772,0.8742973199394767,28.54339152912823,35.679239411410286,0.19076817569290327,0.08075417093254744,0.04581499032025459,0.8803239391318636,107.80354012845507,28.54339152912823,1.0,0.7906561505849573,0.20934384941504264,376.5539700026775,437.8170569361415,0.0,0.4966865851899232,107.41807876057271,156.24581588438946,599.1664781080619,28.54339152912823,27.023139587515253,9.751818276455158,9.0,True,9.0,True,0.9467389171303776,0.9333333333333333,0.18678341232825152,0.8800000000000001,0.9820137900379085,0.0077777777777777776,0,0,35,0,40,40,63.58996387011515,5.0,0.0,0.3239335509231794,5.0,5.0,0.0,250.0,52.36820554009483,10.0,0.0,0.2059608228029943,10.0,10.0,0.0,350.0,16.83263749503048,0.0,0.0,0.11141051541253297,0.0,0.0,0.0,452.7175004279822,7.481172220013544,8.510084951250949,0.0,0.04705610964387689,10.0,10.0,0.0,760.2158201093969,13.092051385023705,0.0,0.0,0.1187258614452537,0.0,0.0,0.0,378.62988502949486,33.66527499006096,163.51922054908772,0.0,0.19291313977216273,351.5539700026775,412.8170569361415,61.263086933463995,616.6993013457183,0.0,0.0,0.0,0.0,0.0,5.531555218313117,5.531555218313117,5.531555218313117,0.0,0.0,130.81537643927018,130.81537643927018,102.27198491014195,28.54339152912823,0.0,0.0,0.0,0.0,22107.735913298347,0.0
2045,coordinated_closed_loop_transition,42,192.25013173583025,193.27444049487968,1.0053280002973257,193.27444049487966,0.0,1.02430875904941,5.1215437952470495,4.097235036197617,0.0014488264271308915,0.0,0.0,1.0243087590494326,15.0,0.07760984826339408,8.548325601977657,0.044228950191704856,169.72611489290202,0.8781612015449011,30.255995020875922,37.8199937760949,0.19568026521901555,0.07802335355801686,0.04446460205147667,0.8828400446878323,111.08130853473116,30.255995020875922,1.0,0.7859305769975147,0.21406942300248527,437.8170569361415,504.4776859439514,0.0,0.4414502300285437,111.40291935210004,161.98225792481958,589.1963656230284,30.255995020875922,28.644527962766166,10.093131916131087,9.0,True,9.0,True,0.9467389171303776,0.9833333333333333,0.18678341232825152,0.8800000000000001,0.9820137900379085,0.0077777777777777776,0,0,32,0,40,40,79.24252060290067,5.0,0.0,0.3222305532907132,5.0,5.0,0.0,250.0,44.45312131382233,10.0,0.0,0.20456540006627438,10.0,10.0,0.0,350.0,13.529210834641574,0.0,0.0,0.11048636637604814,0.0,0.0,0.0,452.7175004279822,7.730977619795186,8.548325601977657,0.0,0.04681665704681327,10.0,10.0,0.0,757.7082711270376,15.46195523959037,0.0,0.0,0.11787413384480314,0.0,0.0,0.0,378.62988502949486,32.85665488412953,169.72611489290202,0.0,0.19802688937534785,412.8170569361415,479.4776859439514,66.66062900780994,604.7947362683356,0.0,0.0,0.0,0.0,0.0,5.556411641285478,5.556411641285478,5.556411641285478,0.0,0.0,135.78089191432161,135.78089191432161,105.52489689344569,30.255995020875922,0.0,0.0,0.0,0.0,23198.474387731694,0.0
2046,coordinated_closed_loop_transition,42,198.9788863465843,199.79833335382378,1.004118261099382,199.79833335382375,0.0,0.8194470072395235,4.097235036197617,3.2777880289581276,0.0010828692922843265,0.0,0.0,0.8194470072394893,15.0,0.07507570132447718,9.99313509359788,0.05001610837214038,174.8051982602259,0.8749081903033824,32.07135472212848,40.0891934026606,0.20064828734915652,0.07538488266475059,0.05022208776559184,0.8785112906690395,114.26834169689086,32.07135472212848,1.0,0.7808430965286582,0.21915690347134179,504.4776859439514,581.2986926584504,0.0,0.3960498926329554,115.12309579196389,167.6410971007884,581.3986083709932,32.07135472212848,30.36319964053214,10.446391533195674,9.0,True,9.0,True,0.9467389171303776,0.9666666666666667,0.18678341232825152,0.8800000000000001,0.9820137900379085,0.0077777777777777776,0,0,32,0,40,40,69.92941667383832,5.0,0.0,0.32069994208184555,5.0,5.0,0.0,250.0,45.95361667137946,10.0,0.0,0.2032918716349833,10.0,10.0,0.0,350.0,17.981850001844144,0.0,0.0,0.10963515956884302,0.0,0.0,0.0,452.7175004279822,9.98991666769119,9.99313509359788,0.0,0.04660175646864648,10.0,10.0,0.0,755.2974159778028,23.975800002458854,0.0,0.0,0.11709411222958081,0.0,0.0,0.0,378.62988502949486,31.9677333366118,174.8051982602259,0.0,0.20267715801610067,479.4776859439514,556.2986926584504,76.82100671449898,594.1738854838054,0.0,0.0,0.0,0.0,0.0,6.495537810838623,6.495537810838623,6.495537810838623,0.0,0.0,139.84415860818072,139.84415860818072,107.77280388605223,32.07135472212848,0.0,0.0,0.0,0.0,24130.56400986364,0.0
2047,coordinated_closed_loop_transition,42,205.94314736871473,206.59870497450632,1.0031831969850296,206.59870497450632,0.0,0.6555576057916256,3.2777880289581276,2.622230423166542,0.0008111102600893609,0.0,0.0,0.6555576057915857,15.0,0.07260452093274716,7.2539010939026625,0.03511106758775556,184.34480388060365,0.8922844114794972,33.99563600545619,42.49454500682024,0.20568640549834977,0.0728356354248798,0.03522283303224207,0.8951247285279076,118.19524281006346,33.99563600545619,1.0,0.7766250101843194,0.22337498981568066,581.2986926584504,667.316453554371,0.0,0.35540885879111395,120.33819233910471,174.5480070667439,571.0847785191607,33.99563600545619,32.18499161896407,10.812015236857523,9.0,True,9.0,True,0.9467389171303776,0.9833333333333333,0.18678341232825152,0.8800000000000001,0.9820137900379085,0.0077777777777777776,0,0,30,0,40,40,70.24355969133212,5.0,0.0,0.31941665623177207,5.0,5.0,0.0,250.0,47.51770214413645,10.0,0.0,0.2021378382383343,10.0,10.0,0.0,350.0,30.98980574617596,0.0,0.0,0.10882842217199434,0.0,0.0,0.0,452.7175004279822,6.197961149235191,7.2539010939026625,0.0,0.04642167003014585,10.0,10.0,0.0,752.604808754671,10.329935248725317,0.0,0.0,0.11637624965654156,0.0,0.0,0.0,378.62988502949486,41.31974099490127,184.34480388060365,0.0,0.20681916367121178,556.2986926584504,642.316453554371,86.01776089592069,584.6438443527478,0.0,0.0,0.0,0.0,0.0,4.715035711036731,4.715035711036731,4.715035711036731,0.0,0.0,147.47584310448292,147.47584310448292,113.48020709902673,33.99563600545619,0.0,0.0,0.0,0.0,27100.25007042886,0.0
2048,coordinated_closed_loop_transition,42,213.1511575266197,213.675603611253,1.0024604421140326,213.675603611253,0.0,0.5244460846333084,2.622230423166542,2.097784338533245,0.0006087519306150944,0.0,0.0,0.524446084633297,15.0,0.07019987189220717,10.0,0.04679991459480478,188.675603611253,0.8830002135129881,36.035374165783566,45.04421770722946,0.21080655416881316,0.07037259461341046,0.046915063075606965,0.8851727844250152,121.40510872321883,36.035374165783566,1.0,0.7711174819554576,0.22888251804454243,667.316453554371,762.9331184179634,0.0,0.32020131149642533,124.00238631120192,180.40655532235274,565.7952717785333,36.035374165783566,34.11609111610192,11.190435770147534,9.0,True,9.0,True,0.9467389171303776,0.95,0.18678341232825152,0.8800000000000001,0.9820137900379085,0.0077777777777777776,0,0,31,0,40,40,70.51294919171349,5.0,0.0,0.3180242468343465,5.0,5.0,0.0,250.0,51.28214486670072,10.0,0.0,0.20102141754705674,10.0,10.0,0.0,350.0,21.3675603611253,0.0,0.0,0.10810043764739818,0.0,0.0,0.0,452.7175004279822,12.82053621667518,10.0,0.0,0.04622680003878866,10.0,10.0,0.0,750.7286274295878,17.09404828890024,0.0,0.0,0.11569748038124011,0.0,0.0,0.0,378.62988502949486,40.59836468613807,188.675603611253,0.0,0.21092961755116982,642.316453554371,737.9331184179634,95.61666486359245,575.7997211299007,0.0,0.0,0.0,0.0,0.0,6.5,6.5,6.5,0.0,0.0,150.9404828890024,150.9404828890024,114.90510872321883,36.035374165783566,0.0,0.0,0.0,0.0,31543.631990856502,0.0
2049,coordinated_closed_loop_transition,42,220.61144804005139,221.03100490775796,1.0019017910060153,221.03100490775796,0.0,0.419556867706649,2.097784338533245,1.6782274708266698,0.0004577001295001581,0.0,0.0,0.4195568677065751,15.0,0.06786378230628727,10.0,0.04524252153752485,196.03100490775796,0.8868936961561878,38.19749661573058,47.74687076966322,0.21601888291459037,0.06799284503711155,0.045328563358074364,0.8885803826108294,125.1273073104758,38.19749661573058,1.0,0.7661255626978188,0.2338744373021811,762.9331184179634,876.2050791722311,0.0,0.2897121642406784,128.70984314096512,187.17352451513733,558.8897340919143,38.19749661573058,36.163056583068034,11.582101022102698,9.0,True,9.0,True,0.9467389171303776,0.9666666666666667,0.18678341232825152,0.8800000000000001,0.9820137900379085,0.0077777777777777776,0,0,30,0,40,40,88.41240196310315,5.0,0.0,0.3169260927541969,5.0,5.0,0.0,250.0,35.36496078524129,10.0,0.0,0.20001042040875633,10.0,10.0,0.0,350.0,22.103100490775805,0.0,0.0,0.10738558359128353,0.0,0.0,0.0,452.7175004279822,11.051550245387903,10.0,0.0,0.046073076372200504,10.0,10.0,0.0,748.2417988814889,15.472170343543064,0.0,0.0,0.11506568141040117,0.0,0.0,0.0,378.62988502949486,48.62682107970675,196.03100490775796,0.0,0.21453914546316163,737.9331184179634,851.2050791722311,113.2719607542677,567.7649901479737,0.0,0.0,0.0,0.0,0.0,6.5,6.5,6.5,0.0,0.0,156.82480392620639,156.82480392620639,118.6273073104758,38.19749661573058,0.0,0.0,0.0,0.0,36529.63606469213,0.0
2050,coordinated_closed_loop_transition,42,228.3328487214532,228.66849421561852,1.0014699833862923,228.66849421561852,0.0,0.33564549416533396,1.6782274708266698,1.3425819766613358,0.00034469497211032403,0.0,0.0,0.33564549416533396,15.0,0.06559714337321888,2.059358543088536,0.009005869173856122,211.60913567253,0.925396987452925,40.48934641267442,50.61168301584303,0.2213321218100108,0.06569357008416575,0.009019107651920813,0.9267573056502058,128.6749799580181,40.48934641267442,0.9914340947513276,0.7606507986562754,0.2393492013437246,876.2050791722311,973.6764119374172,0.0,0.26097599711661834,134.93439627372086,194.406620385352,545.9846453290403,40.48934641267442,38.33283997805212,11.987474557876292,9.0,True,9.0,True,0.9467389171303776,0.9666666666666667,0.18678341232825152,0.8800000000000001,0.9820137900379085,0.0077777777777777776,0,0,23,0,40,40,80.03397297546648,5.0,0.0,0.31589181261771665,5.0,5.0,0.0,250.0,36.586959074498964,10.0,0.0,0.19905300108668086,10.0,10.0,0.0,350.0,34.30027413234278,0.0,0.0,0.10670715744921776,0.0,0.0,0.0,452.7175004279822,0.0,2.059358543088536,0.0,0.045928458995080676,10.0,10.0,0.0,745.8617711702884,32.01358919018659,0.0,0.0,0.11446672461052992,0.0,0.0,0.0,378.62988502949486,45.733698843123705,211.60913567253,0.0,0.2179528452407744,851.2050791722311,948.6764119374172,97.47133276518618,560.294760077359,0.0,0.0,0.0,0.0,0.0,1.3385830530075484,1.3385830530075484,1.3235494094439382,0.0,0.015033643563610255,169.287308538024,169.287308538024,127.35143054857417,40.48934641267442,1.4465315767754134,0.0,0.0,0.0,42414.227453670865,0.0
